--
-- PostgreSQL database dump
--

-- Dumped from database version 16.1
-- Dumped by pg_dump version 17.3

SET statement_timeout = 0;
SET lock_timeout = 0;
SET idle_in_transaction_session_timeout = 0;
SET transaction_timeout = 0;
SET client_encoding = 'UTF8';
SET standard_conforming_strings = on;
SELECT pg_catalog.set_config('search_path', '', false);
SET check_function_bodies = false;
SET xmloption = content;
SET client_min_messages = warning;
SET row_security = off;

--
-- Name: postgis; Type: EXTENSION; Schema: -; Owner: -
--

CREATE EXTENSION IF NOT EXISTS postgis WITH SCHEMA public;


--
-- Name: EXTENSION postgis; Type: COMMENT; Schema: -; Owner: 
--

COMMENT ON EXTENSION postgis IS 'PostGIS geometry and geography spatial types and functions';


SET default_tablespace = '';

SET default_table_access_method = heap;

--
-- Name: auth_group; Type: TABLE; Schema: public; Owner: postgres
--

CREATE TABLE public.auth_group (
    id integer NOT NULL,
    name character varying(150) NOT NULL
);


ALTER TABLE public.auth_group OWNER TO postgres;

--
-- Name: auth_group_id_seq; Type: SEQUENCE; Schema: public; Owner: postgres
--

ALTER TABLE public.auth_group ALTER COLUMN id ADD GENERATED BY DEFAULT AS IDENTITY (
    SEQUENCE NAME public.auth_group_id_seq
    START WITH 1
    INCREMENT BY 1
    NO MINVALUE
    NO MAXVALUE
    CACHE 1
);


--
-- Name: auth_group_permissions; Type: TABLE; Schema: public; Owner: postgres
--

CREATE TABLE public.auth_group_permissions (
    id bigint NOT NULL,
    group_id integer NOT NULL,
    permission_id integer NOT NULL
);


ALTER TABLE public.auth_group_permissions OWNER TO postgres;

--
-- Name: auth_group_permissions_id_seq; Type: SEQUENCE; Schema: public; Owner: postgres
--

ALTER TABLE public.auth_group_permissions ALTER COLUMN id ADD GENERATED BY DEFAULT AS IDENTITY (
    SEQUENCE NAME public.auth_group_permissions_id_seq
    START WITH 1
    INCREMENT BY 1
    NO MINVALUE
    NO MAXVALUE
    CACHE 1
);


--
-- Name: auth_permission; Type: TABLE; Schema: public; Owner: postgres
--

CREATE TABLE public.auth_permission (
    id integer NOT NULL,
    name character varying(255) NOT NULL,
    content_type_id integer NOT NULL,
    codename character varying(100) NOT NULL
);


ALTER TABLE public.auth_permission OWNER TO postgres;

--
-- Name: auth_permission_id_seq; Type: SEQUENCE; Schema: public; Owner: postgres
--

ALTER TABLE public.auth_permission ALTER COLUMN id ADD GENERATED BY DEFAULT AS IDENTITY (
    SEQUENCE NAME public.auth_permission_id_seq
    START WITH 1
    INCREMENT BY 1
    NO MINVALUE
    NO MAXVALUE
    CACHE 1
);


--
-- Name: auth_user; Type: TABLE; Schema: public; Owner: postgres
--

CREATE TABLE public.auth_user (
    id integer NOT NULL,
    password character varying(128) NOT NULL,
    last_login timestamp with time zone,
    is_superuser boolean NOT NULL,
    username character varying(150) NOT NULL,
    first_name character varying(150) NOT NULL,
    last_name character varying(150) NOT NULL,
    email character varying(254) NOT NULL,
    is_staff boolean NOT NULL,
    is_active boolean NOT NULL,
    date_joined timestamp with time zone NOT NULL
);


ALTER TABLE public.auth_user OWNER TO postgres;

--
-- Name: auth_user_groups; Type: TABLE; Schema: public; Owner: postgres
--

CREATE TABLE public.auth_user_groups (
    id bigint NOT NULL,
    user_id integer NOT NULL,
    group_id integer NOT NULL
);


ALTER TABLE public.auth_user_groups OWNER TO postgres;

--
-- Name: auth_user_groups_id_seq; Type: SEQUENCE; Schema: public; Owner: postgres
--

ALTER TABLE public.auth_user_groups ALTER COLUMN id ADD GENERATED BY DEFAULT AS IDENTITY (
    SEQUENCE NAME public.auth_user_groups_id_seq
    START WITH 1
    INCREMENT BY 1
    NO MINVALUE
    NO MAXVALUE
    CACHE 1
);


--
-- Name: auth_user_id_seq; Type: SEQUENCE; Schema: public; Owner: postgres
--

ALTER TABLE public.auth_user ALTER COLUMN id ADD GENERATED BY DEFAULT AS IDENTITY (
    SEQUENCE NAME public.auth_user_id_seq
    START WITH 1
    INCREMENT BY 1
    NO MINVALUE
    NO MAXVALUE
    CACHE 1
);


--
-- Name: auth_user_user_permissions; Type: TABLE; Schema: public; Owner: postgres
--

CREATE TABLE public.auth_user_user_permissions (
    id bigint NOT NULL,
    user_id integer NOT NULL,
    permission_id integer NOT NULL
);


ALTER TABLE public.auth_user_user_permissions OWNER TO postgres;

--
-- Name: auth_user_user_permissions_id_seq; Type: SEQUENCE; Schema: public; Owner: postgres
--

ALTER TABLE public.auth_user_user_permissions ALTER COLUMN id ADD GENERATED BY DEFAULT AS IDENTITY (
    SEQUENCE NAME public.auth_user_user_permissions_id_seq
    START WITH 1
    INCREMENT BY 1
    NO MINVALUE
    NO MAXVALUE
    CACHE 1
);


--
-- Name: django_admin_log; Type: TABLE; Schema: public; Owner: postgres
--

CREATE TABLE public.django_admin_log (
    id integer NOT NULL,
    action_time timestamp with time zone NOT NULL,
    object_id text,
    object_repr character varying(200) NOT NULL,
    action_flag smallint NOT NULL,
    change_message text NOT NULL,
    content_type_id integer,
    user_id integer NOT NULL,
    CONSTRAINT django_admin_log_action_flag_check CHECK ((action_flag >= 0))
);


ALTER TABLE public.django_admin_log OWNER TO postgres;

--
-- Name: django_admin_log_id_seq; Type: SEQUENCE; Schema: public; Owner: postgres
--

ALTER TABLE public.django_admin_log ALTER COLUMN id ADD GENERATED BY DEFAULT AS IDENTITY (
    SEQUENCE NAME public.django_admin_log_id_seq
    START WITH 1
    INCREMENT BY 1
    NO MINVALUE
    NO MAXVALUE
    CACHE 1
);


--
-- Name: django_content_type; Type: TABLE; Schema: public; Owner: postgres
--

CREATE TABLE public.django_content_type (
    id integer NOT NULL,
    app_label character varying(100) NOT NULL,
    model character varying(100) NOT NULL
);


ALTER TABLE public.django_content_type OWNER TO postgres;

--
-- Name: django_content_type_id_seq; Type: SEQUENCE; Schema: public; Owner: postgres
--

ALTER TABLE public.django_content_type ALTER COLUMN id ADD GENERATED BY DEFAULT AS IDENTITY (
    SEQUENCE NAME public.django_content_type_id_seq
    START WITH 1
    INCREMENT BY 1
    NO MINVALUE
    NO MAXVALUE
    CACHE 1
);


--
-- Name: django_migrations; Type: TABLE; Schema: public; Owner: postgres
--

CREATE TABLE public.django_migrations (
    id bigint NOT NULL,
    app character varying(255) NOT NULL,
    name character varying(255) NOT NULL,
    applied timestamp with time zone NOT NULL
);


ALTER TABLE public.django_migrations OWNER TO postgres;

--
-- Name: django_migrations_id_seq; Type: SEQUENCE; Schema: public; Owner: postgres
--

ALTER TABLE public.django_migrations ALTER COLUMN id ADD GENERATED BY DEFAULT AS IDENTITY (
    SEQUENCE NAME public.django_migrations_id_seq
    START WITH 1
    INCREMENT BY 1
    NO MINVALUE
    NO MAXVALUE
    CACHE 1
);


--
-- Name: django_session; Type: TABLE; Schema: public; Owner: postgres
--

CREATE TABLE public.django_session (
    session_key character varying(40) NOT NULL,
    session_data text NOT NULL,
    expire_date timestamp with time zone NOT NULL
);


ALTER TABLE public.django_session OWNER TO postgres;

--
-- Name: visualisation_amendment; Type: TABLE; Schema: public; Owner: postgres
--

CREATE TABLE public.visualisation_amendment (
    "Id_amendment" integer NOT NULL,
    localisation public.geometry(Point,4326) NOT NULL,
    "Name" character varying(50) NOT NULL,
    "Lu_lc" character varying(50) NOT NULL,
    "Date_collect" date,
    "Ph" double precision NOT NULL,
    "Ec" double precision NOT NULL,
    "Salinity_level" character varying(50) NOT NULL,
    "Classe" integer NOT NULL,
    "Cao" double precision NOT NULL,
    "Sio2" double precision NOT NULL,
    "Al2o3" double precision NOT NULL,
    "Fe2o3" double precision NOT NULL,
    "Mgo" double precision NOT NULL,
    "K2o" double precision NOT NULL,
    "Na2o" double precision NOT NULL,
    "Ttio2" double precision NOT NULL,
    "P2o5" double precision NOT NULL,
    "Mno" double precision NOT NULL,
    "S" double precision NOT NULL,
    "Clay" double precision NOT NULL,
    "Silt" double precision NOT NULL,
    "Sand" double precision NOT NULL,
    "Wc" double precision NOT NULL
);


ALTER TABLE public.visualisation_amendment OWNER TO postgres;

--
-- Name: visualisation_amendment_Id_amendment_seq; Type: SEQUENCE; Schema: public; Owner: postgres
--

ALTER TABLE public.visualisation_amendment ALTER COLUMN "Id_amendment" ADD GENERATED BY DEFAULT AS IDENTITY (
    SEQUENCE NAME public."visualisation_amendment_Id_amendment_seq"
    START WITH 1
    INCREMENT BY 1
    NO MINVALUE
    NO MAXVALUE
    CACHE 1
);


--
-- Name: visualisation_salinityandsodicitygroup; Type: TABLE; Schema: public; Owner: postgres
--

CREATE TABLE public.visualisation_salinityandsodicitygroup (
    id bigint NOT NULL,
    "Ec1_5" double precision NOT NULL,
    "Ec_pate_sature" double precision NOT NULL,
    "Sar" double precision NOT NULL,
    "Sar_interpretation" character varying(100) NOT NULL,
    "Esp" character varying(100) NOT NULL,
    "Esp_interpretation" character varying(100) NOT NULL,
    "Esp_Ec_interpretation" character varying(100) NOT NULL,
    "Cl" double precision NOT NULL,
    "Classification" character varying(100) NOT NULL,
    "Code_labo_id" character varying(30) NOT NULL
);


ALTER TABLE public.visualisation_salinityandsodicitygroup OWNER TO postgres;

--
-- Name: visualisation_salinityandsodicitygroup_id_seq; Type: SEQUENCE; Schema: public; Owner: postgres
--

ALTER TABLE public.visualisation_salinityandsodicitygroup ALTER COLUMN id ADD GENERATED BY DEFAULT AS IDENTITY (
    SEQUENCE NAME public.visualisation_salinityandsodicitygroup_id_seq
    START WITH 1
    INCREMENT BY 1
    NO MINVALUE
    NO MAXVALUE
    CACHE 1
);


--
-- Name: visualisation_soilquality; Type: TABLE; Schema: public; Owner: postgres
--

CREATE TABLE public.visualisation_soilquality (
    id bigint NOT NULL,
    "Ph_level" double precision NOT NULL,
    "Organic_matter" double precision NOT NULL,
    "Cu" double precision NOT NULL,
    "Mn" double precision NOT NULL,
    "Fe" double precision NOT NULL,
    "Zn" double precision NOT NULL,
    "NNH4" character varying(30) NOT NULL,
    "NO3" double precision NOT NULL,
    "NT" double precision NOT NULL,
    "P2O5" double precision NOT NULL,
    k2o double precision NOT NULL,
    "Code_labo_id" character varying(30) NOT NULL
);


ALTER TABLE public.visualisation_soilquality OWNER TO postgres;

--
-- Name: visualisation_soilquality_id_seq; Type: SEQUENCE; Schema: public; Owner: postgres
--

ALTER TABLE public.visualisation_soilquality ALTER COLUMN id ADD GENERATED BY DEFAULT AS IDENTITY (
    SEQUENCE NAME public.visualisation_soilquality_id_seq
    START WITH 1
    INCREMENT BY 1
    NO MINVALUE
    NO MAXVALUE
    CACHE 1
);


--
-- Name: visualisation_soilsample; Type: TABLE; Schema: public; Owner: postgres
--

CREATE TABLE public.visualisation_soilsample (
    "Code_labo" character varying(30) NOT NULL,
    localisation public.geometry(Point,4326) NOT NULL,
    "Depth" character varying(50) NOT NULL,
    "Date_collect" date,
    "Date_edition" date
);


ALTER TABLE public.visualisation_soilsample OWNER TO postgres;

--
-- Name: visualisation_soiltexture; Type: TABLE; Schema: public; Owner: postgres
--

CREATE TABLE public.visualisation_soiltexture (
    id bigint NOT NULL,
    "Argile" double precision NOT NULL,
    "Lemon" double precision NOT NULL,
    "Sable" double precision NOT NULL,
    "Soil_texture_v4" character varying(100) NOT NULL,
    "Code_labo_id" character varying(30) NOT NULL
);


ALTER TABLE public.visualisation_soiltexture OWNER TO postgres;

--
-- Name: visualisation_soiltexture_id_seq; Type: SEQUENCE; Schema: public; Owner: postgres
--

ALTER TABLE public.visualisation_soiltexture ALTER COLUMN id ADD GENERATED BY DEFAULT AS IDENTITY (
    SEQUENCE NAME public.visualisation_soiltexture_id_seq
    START WITH 1
    INCREMENT BY 1
    NO MINVALUE
    NO MAXVALUE
    CACHE 1
);


--
-- Name: visualisation_well; Type: TABLE; Schema: public; Owner: postgres
--

CREATE TABLE public.visualisation_well (
    "Id_well" character varying NOT NULL,
    localisation public.geometry(Point,4326),
    "Depth" double precision NOT NULL,
    "Water_depth" double precision NOT NULL,
    "Pump_cal" double precision NOT NULL,
    "Temperature" double precision NOT NULL,
    "Ph" double precision NOT NULL,
    "Ec" double precision NOT NULL,
    "Tds_ppm" double precision NOT NULL,
    "Salinity" double precision NOT NULL,
    "Resistivity" double precision NOT NULL,
    "Date" date
);


ALTER TABLE public.visualisation_well OWNER TO postgres;

--
-- Data for Name: auth_group; Type: TABLE DATA; Schema: public; Owner: postgres
--

COPY public.auth_group (id, name) FROM stdin;
\.


--
-- Data for Name: auth_group_permissions; Type: TABLE DATA; Schema: public; Owner: postgres
--

COPY public.auth_group_permissions (id, group_id, permission_id) FROM stdin;
\.


--
-- Data for Name: auth_permission; Type: TABLE DATA; Schema: public; Owner: postgres
--

COPY public.auth_permission (id, name, content_type_id, codename) FROM stdin;
1	Can add log entry	1	add_logentry
2	Can change log entry	1	change_logentry
3	Can delete log entry	1	delete_logentry
4	Can view log entry	1	view_logentry
5	Can add permission	2	add_permission
6	Can change permission	2	change_permission
7	Can delete permission	2	delete_permission
8	Can view permission	2	view_permission
9	Can add group	3	add_group
10	Can change group	3	change_group
11	Can delete group	3	delete_group
12	Can view group	3	view_group
13	Can add user	4	add_user
14	Can change user	4	change_user
15	Can delete user	4	delete_user
16	Can view user	4	view_user
17	Can add content type	5	add_contenttype
18	Can change content type	5	change_contenttype
19	Can delete content type	5	delete_contenttype
20	Can view content type	5	view_contenttype
21	Can add session	6	add_session
22	Can change session	6	change_session
23	Can delete session	6	delete_session
24	Can view session	6	view_session
25	Can add amendment	7	add_amendment
26	Can change amendment	7	change_amendment
27	Can delete amendment	7	delete_amendment
28	Can view amendment	7	view_amendment
29	Can add soil sample	8	add_soilsample
30	Can change soil sample	8	change_soilsample
31	Can delete soil sample	8	delete_soilsample
32	Can view soil sample	8	view_soilsample
33	Can add well	9	add_well
34	Can change well	9	change_well
35	Can delete well	9	delete_well
36	Can view well	9	view_well
37	Can add soil quality	10	add_soilquality
38	Can change soil quality	10	change_soilquality
39	Can delete soil quality	10	delete_soilquality
40	Can view soil quality	10	view_soilquality
41	Can add salinity and sodicity group	11	add_salinityandsodicitygroup
42	Can change salinity and sodicity group	11	change_salinityandsodicitygroup
43	Can delete salinity and sodicity group	11	delete_salinityandsodicitygroup
44	Can view salinity and sodicity group	11	view_salinityandsodicitygroup
45	Can add soil texture	12	add_soiltexture
46	Can change soil texture	12	change_soiltexture
47	Can delete soil texture	12	delete_soiltexture
48	Can view soil texture	12	view_soiltexture
\.


--
-- Data for Name: auth_user; Type: TABLE DATA; Schema: public; Owner: postgres
--

COPY public.auth_user (id, password, last_login, is_superuser, username, first_name, last_name, email, is_staff, is_active, date_joined) FROM stdin;
1	pbkdf2_sha256$1000000$bpSWypifpHNuiqMgMi1XKD$MbQfhFdyJzgy4TZkMeTXHcy5pwDpi5Oe1Uq21eqaSUA=	2025-06-01 01:22:05.714328+01	t	admin				t	t	2025-06-01 01:18:03.556399+01
\.


--
-- Data for Name: auth_user_groups; Type: TABLE DATA; Schema: public; Owner: postgres
--

COPY public.auth_user_groups (id, user_id, group_id) FROM stdin;
\.


--
-- Data for Name: auth_user_user_permissions; Type: TABLE DATA; Schema: public; Owner: postgres
--

COPY public.auth_user_user_permissions (id, user_id, permission_id) FROM stdin;
\.


--
-- Data for Name: django_admin_log; Type: TABLE DATA; Schema: public; Owner: postgres
--

COPY public.django_admin_log (id, action_time, object_id, object_repr, action_flag, change_message, content_type_id, user_id) FROM stdin;
\.


--
-- Data for Name: django_content_type; Type: TABLE DATA; Schema: public; Owner: postgres
--

COPY public.django_content_type (id, app_label, model) FROM stdin;
1	admin	logentry
2	auth	permission
3	auth	group
4	auth	user
5	contenttypes	contenttype
6	sessions	session
7	visualisation	amendment
8	visualisation	soilsample
9	visualisation	well
10	visualisation	soilquality
11	visualisation	salinityandsodicitygroup
12	visualisation	soiltexture
\.


--
-- Data for Name: django_migrations; Type: TABLE DATA; Schema: public; Owner: postgres
--

COPY public.django_migrations (id, app, name, applied) FROM stdin;
1	contenttypes	0001_initial	2025-05-11 19:33:55.801243+01
2	auth	0001_initial	2025-05-11 19:33:55.952512+01
3	admin	0001_initial	2025-05-11 19:33:56.006021+01
4	admin	0002_logentry_remove_auto_add	2025-05-11 19:33:56.024201+01
5	admin	0003_logentry_add_action_flag_choices	2025-05-11 19:33:56.041126+01
6	contenttypes	0002_remove_content_type_name	2025-05-11 19:33:56.078822+01
7	auth	0002_alter_permission_name_max_length	2025-05-11 19:33:56.096688+01
8	auth	0003_alter_user_email_max_length	2025-05-11 19:33:56.113233+01
9	auth	0004_alter_user_username_opts	2025-05-11 19:33:56.13046+01
10	auth	0005_alter_user_last_login_null	2025-05-11 19:33:56.145817+01
11	auth	0006_require_contenttypes_0002	2025-05-11 19:33:56.149187+01
12	auth	0007_alter_validators_add_error_messages	2025-05-11 19:33:56.170476+01
13	auth	0008_alter_user_username_max_length	2025-05-11 19:33:56.204391+01
14	auth	0009_alter_user_last_name_max_length	2025-05-11 19:33:56.221543+01
15	auth	0010_alter_group_name_max_length	2025-05-11 19:33:56.238809+01
16	auth	0011_update_proxy_permissions	2025-05-11 19:33:56.257503+01
17	auth	0012_alter_user_first_name_max_length	2025-05-11 19:33:56.276489+01
18	sessions	0001_initial	2025-05-11 19:33:56.303504+01
19	visualisation	0001_initial	2025-05-11 19:33:56.584708+01
20	visualisation	0002_remove_well_date_alter_amendment_date_collect_and_more	2025-05-11 20:09:35.510216+01
\.


--
-- Data for Name: django_session; Type: TABLE DATA; Schema: public; Owner: postgres
--

COPY public.django_session (session_key, session_data, expire_date) FROM stdin;
na1lj1i56wvipyfgh6a64z2pope9ofj3	.eJxVjMEOwiAQRP-FsyEg4BKP3v0GsiyLVA0kpT01_rs06UFvk3lvZhMB16WEtfMcpiSuQovTbxeRXlx3kJ5YH01Sq8s8Rbkr8qBd3lvi9-1w_w4K9jLW9gIqR-PJkHPWE1kHzkBWzKiZOIHJPgGh9ghuYH_OiRUNIY-oxOcL8OE4zA:1uLWSj:lrhfIHgubkMHvT259JEkXbI5LzEcHlugDRAevmwMwDs	2025-06-15 01:22:05.734616+01
\.


--
-- Data for Name: spatial_ref_sys; Type: TABLE DATA; Schema: public; Owner: postgres
--

COPY public.spatial_ref_sys (srid, auth_name, auth_srid, srtext, proj4text) FROM stdin;
\.


--
-- Data for Name: visualisation_amendment; Type: TABLE DATA; Schema: public; Owner: postgres
--

COPY public.visualisation_amendment ("Id_amendment", localisation, "Name", "Lu_lc", "Date_collect", "Ph", "Ec", "Salinity_level", "Classe", "Cao", "Sio2", "Al2o3", "Fe2o3", "Mgo", "K2o", "Na2o", "Ttio2", "P2o5", "Mno", "S", "Clay", "Silt", "Sand", "Wc") FROM stdin;
10	0101000020E61000009D2ADF3312911EC03BE3FBE2520F4040	M16B	Bareground	2023-02-13	7.7	16.97	Extremely saline	5	9.6	47.02	13.73	4.49	5.23	2.61	1.36	0.6	0.27	0.11	0.13	9.06	69.17	21.74	8.12407681
11	0101000020E610000074CE4F711C681FC02635B401D81A4040	Mtest	Bareground	2023-03-13	8.7	17.97	Extremely saline	5	9.6	47.02	13.73	4.49	5.23	2.61	1.36	0.6	0.27	0.11	0.13	9.06	69.17	21.74	8.12407681
12	0101000020E610000074CE4F711C681FC02635B401D81A4040	Mtest2	Bareground	2023-04-13	9.7	18.97	Extremely saline	5	9.6	47.02	13.73	4.49	5.23	2.61	1.36	0.6	0.27	0.11	0.13	9.06	69.17	21.74	8.12407681
\.


--
-- Data for Name: visualisation_salinityandsodicitygroup; Type: TABLE DATA; Schema: public; Owner: postgres
--

COPY public.visualisation_salinityandsodicitygroup (id, "Ec1_5", "Ec_pate_sature", "Sar", "Sar_interpretation", "Esp", "Esp_interpretation", "Esp_Ec_interpretation", "Cl", "Classification", "Code_labo_id") FROM stdin;
263	12.85	136.2	19.666618912053774	Sol sodique – Risque élevé de dispersion, structure du sol détériorée	0.688389166859643	High to very high	salin et non alcalin	23638.34	Saline-Sodic	S55239
264	11.12	117.5	11.036184760683048	Sol modérément sodique – Risque modéré de sodicité	0.5281575602801243	High to very high	salin et non alcalin	20383.46	Saline-Sodic	S55240
265	7.74	84.9	9.461783801286627	Sol non sodique – Faible risque de dispersion, perméabilité normale	0.5208748892989222	High to very high	salin et non alcalin	14496.16	Saline-Sodic	S55241
266	10.45	94.37	12.792012559621154	Sol modérément sodique – Risque modéré de sodicité	0.5676283781241058	High to very high	salin et non alcalin	23015.37	Saline-Sodic	S55242
267	9.91	126	12.36961532110413	Sol modérément sodique – Risque modéré de sodicité	0.5743963086988162	High to very high	salin et non alcalin	17104.58	Saline-Sodic	S55243
268	7.32	93.17	5.496903443806194	Sol non sodique – Faible risque de dispersion, perméabilité normale	0.3602372719691242	Moderate to high	salin et non alcalin	14598.9	Saline-Sodic	S55244
269	11	128.1	11.144096920179674	Sol modérément sodique – Risque modéré de sodicité	0.5354244493072999	High to very high	salin et non alcalin	19632.05	Saline-Sodic	S55245
270	11.6	111.6	7.706994287088632	Sol non sodique – Faible risque de dispersion, perméabilité normale	0.41809564814549904	Moderate to high	salin et non alcalin	23899.74	Saline-Sodic	S55246
271	12.28	177	19.98808189425231	Sol sodique – Risque élevé de dispersion, structure du sol détériorée	0.6934172396170716	High to very high	salin et non alcalin	24570.78	Sodic	S55247
272	10.26	126.7	15.259375649143665	Sol modérément sodique – Risque modéré de sodicité	0.6214524492072373	High to very high	salin et non alcalin	20018.93	Saline-Sodic	S55248
273	0.07	3.265	0.07903895216623477	Sol non sodique – Faible risque de dispersion, perméabilité normale	0.013367588447704812	None to slight	non salin et non alcalin	37.17	Optimal	S55249
274	0.08	1.05	0.08663550549561956	Sol non sodique – Faible risque de dispersion, perméabilité normale	0.014500304653359369	None to slight	non salin et non alcalin	19.46	Optimal	S55250
275	0.07	0.814	0.1405688953392889	Sol non sodique – Faible risque de dispersion, perméabilité normale	0.026634582910768173	None to slight	non salin et non alcalin	14.75	Optimal	S55251
276	0.73	9.521	0.5571632522522583	Sol non sodique – Faible risque de dispersion, perméabilité normale	0.08050683324919287	None to slight	salin et non alcalin	1093.94	Optimal	S55252
277	0.23	2.66	0.5756061836098318	Sol non sodique – Faible risque de dispersion, perméabilité normale	0.08961317702119656	None to slight	non salin et non alcalin	165.18	Optimal	S55253
278	0.35	3.42	0.4277520320077549	Sol non sodique – Faible risque de dispersion, perméabilité normale	0.06704956437809627	None to slight	non salin et non alcalin	335.81	Optimal	S55254
279	2.21	3.21	0.039961951943157124	Sol non sodique – Faible risque de dispersion, perméabilité normale	0.002109490530542441	None to slight	salin et non alcalin	30.24	Optimal	S55255
280	2.34	4.17	0.09833309533094253	Sol non sodique – Faible risque de dispersion, perméabilité normale	0.005159277748900145	None to slight	salin et non alcalin	139.57	Optimal	S55256
281	18.78	157.8	24.32545634606118	Sol sodique – Risque élevé de dispersion, structure du sol détériorée	0.6841861681404134	High to very high	salin et non alcalin	57653.9	Saline-Sodic	S55257
282	10.4	103.6	11.843784318361124	Sol modérément sodique – Risque modéré de sodicité	0.44289007344820813	Moderate to high	salin et non alcalin	26467.19	Saline-Sodic	S55258
283	0.46	5.812	0.5653581903752034	Sol non sodique – Faible risque de dispersion, perméabilité normale	0.05636941320534911	None to slight	non salin et non alcalin	607.12	Optimal	S55259
284	2.96	26.16	4.019088136685958	Sol non sodique – Faible risque de dispersion, perméabilité normale	0.29304541629340136	Light to moderate	salin et non alcalin	5960.88	Sodic	S55260
285	7.04	60.24	9.032629703303469	Sol non sodique – Faible risque de dispersion, perméabilité normale	0.496427052291905	Moderate to high	salin et non alcalin	15021.28	Saline-Sodic	S55261
286	0.1	1.83	0.05403074523301576	Sol non sodique – Faible risque de dispersion, perméabilité normale	0.005994869412342664	None to slight	non salin et non alcalin	28.51	Optimal	S55262
287	0.15	1.48	0.11263538549996156	Sol non sodique – Faible risque de dispersion, perméabilité normale	0.012358658639916819	None to slight	non salin et non alcalin	86.15	Optimal	S55263
288	0.1	4.628	0.041372326894432085	Sol non sodique – Faible risque de dispersion, perméabilité normale	0.008055420912675136	None to slight	non salin et non alcalin	13.09	Optimal	S56859
289	0.14	4.62	0.04029286779699421	Sol non sodique – Faible risque de dispersion, perméabilité normale	0.0044847901789029625	None to slight	non salin et non alcalin	20	Optimal	S56861
290	8.67	62.56	17.749735733590704	Sol modérément sodique – Risque modéré de sodicité	0.6688265973007048	High to very high	salin et non alcalin	16466.36	Saline-Sodic	S56863
291	2.52	12.39	4.066702799282998	Sol non sodique – Faible risque de dispersion, perméabilité normale	0.3090873457708223	Moderate to high	salin et non alcalin	2417.78	Sodic	S56865
292	6.91	43.85	5.258988365491982	Sol non sodique – Faible risque de dispersion, perméabilité normale	0.3322158026325268	Moderate to high	salin et non alcalin	12489.01	Saline-Sodic	S56867
293	1.2	7.535	1.4562930690260532	Sol non sodique – Faible risque de dispersion, perméabilité normale	0.13698499438011835	None to slight	salin et non alcalin	804.24	Sodic	S56869
294	1.78	7.855	1.1493441424027624	Sol non sodique – Faible risque de dispersion, perméabilité normale	0.1097195785924219	None to slight	salin et non alcalin	1272.28	Sodic	S56871
295	6.23	41.12	4.5346198904773285	Sol non sodique – Faible risque de dispersion, perméabilité normale	0.3011946931623285	Moderate to high	salin et non alcalin	10023.55	Saline-Sodic	S56873
296	19.64	105.2	20.582410035915395	Sol sodique – Risque élevé de dispersion, structure du sol détériorée	0.6817535088201638	High to very high	salin et non alcalin	23582.65	Saline-Sodic	S56875
297	11.84	75.62	12.302121115879801	Sol modérément sodique – Risque modéré de sodicité	0.5405022476922177	High to very high	salin et non alcalin	23016.19	Saline-Sodic	S56877
298	4.86	21.67	3.408351389926393	Sol non sodique – Faible risque de dispersion, perméabilité normale	0.22802743891004632	Light to moderate	salin et non alcalin	5697.71	Saline-Sodic	S56879
299	8.84	52.38	5.985101062083746	Sol non sodique – Faible risque de dispersion, perméabilité normale	0.3514422120010101	Moderate to high	salin et non alcalin	8983.6	Saline-Sodic	S56881
300	10.26	58.52	7.478790350133905	Sol non sodique – Faible risque de dispersion, perméabilité normale	0.38801104190446745	Moderate to high	salin et non alcalin	20509.44	Saline-Sodic	S56883
301	7.32	36.25	5.00723225120237	Sol non sodique – Faible risque de dispersion, perméabilité normale	0.3110708893935144	Moderate to high	salin et non alcalin	14992.22	Saline-Sodic	S56885
302	32.1	154.1	31.04774485216389	Sol très sodique – Très haut risque de dispersion, dégradation sévère	0.71537096563187	Extremely high	salin et non alcalin	105209.04	Saline-Sodic	S56887
303	26.04	118.3	38.64700369342809	Sol très sodique – Très haut risque de dispersion, dégradation sévère	0.8179205188544424	Extremely high	salin et non alcalin	98471.73	Saline-Sodic	S56889
304	19.42	106.3	12.950715971912523	Sol modérément sodique – Risque modéré de sodicité	0.5455544636368885	High to very high	salin et non alcalin	32415.59	Saline-Sodic	S56891
305	2.26	3.869	0.03287303103174346	Sol non sodique – Faible risque de dispersion, perméabilité normale	0.0014626425182085285	None to slight	salin et non alcalin	8441.4	Optimal	S56893
306	2.24	2.715	0.015768812041392962	Sol non sodique – Faible risque de dispersion, perméabilité normale	0.0007123484441350065	None to slight	salin et non alcalin	2758.99	Optimal	S56895
307	6.32	37.01	1.945544357413684	Sol non sodique – Faible risque de dispersion, perméabilité normale	0.08081948356367276	None to slight	salin et non alcalin	127.81	Saline-Sodic	S56897
308	2.5	19.29	1.0947759570079216	Sol non sodique – Faible risque de dispersion, perméabilité normale	0.09565454838163662	None to slight	salin et non alcalin	9779.53	Sodic	S56901
309	8.15	52.65	6.072443356028298	Sol non sodique – Faible risque de dispersion, perméabilité normale	0.26716718851153265	Light to moderate	salin et non alcalin	11927.33	Sodic	S56903
310	2.32	3.56	0.04647412479018783	Sol non sodique – Faible risque de dispersion, perméabilité normale	0.0020348653677325847	None to slight	salin et non alcalin	215.95	Optimal	S56905
311	2.29	2.722	0.01683016530780561	Sol non sodique – Faible risque de dispersion, perméabilité normale	0.0007302382649946854	None to slight	salin et non alcalin	175.18	Optimal	S56907
312	3.28	22.31	1.5420319601729824	Sol non sodique – Faible risque de dispersion, perméabilité normale	0.12285413263052042	None to slight	salin et non alcalin	3787.67	Sodic	S56909
313	25.85	123	13.29675490096662	Sol modérément sodique – Risque modéré de sodicité	0.5137385035613737	High to very high	salin et non alcalin	96011.61	Saline-Sodic	S56911
314	0.47	4.368	0.9132699698032732	Sol non sodique – Faible risque de dispersion, perméabilité normale	0.10568096765679909	None to slight	non salin et non alcalin	357.15	Sodic	S57083
315	1.16	7.024	1.3238493002195029	Sol non sodique – Faible risque de dispersion, perméabilité normale	0.12070706083519506	None to slight	salin et non alcalin	1076.44	Sodic	S57085
316	2.36	11.54	1.4206615090865586	Sol non sodique – Faible risque de dispersion, perméabilité normale	0.1332341455079729	None to slight	salin et non alcalin	4000.36	Sodic	S57087
317	0.42	3.17	0.6250764843190577	Sol non sodique – Faible risque de dispersion, perméabilité normale	0.07504649056131467	None to slight	non salin et non alcalin	249.91	Optimal	S57089
318	0.16	0.63	0.06864577298066588	Sol non sodique – Faible risque de dispersion, perméabilité normale	0.008758285066806605	None to slight	non salin et non alcalin	25.740000000000002	Optimal	S57091
319	0.1	0.788	0.04641714505478953	Sol non sodique – Faible risque de dispersion, perméabilité normale	0.00776282400979246	None to slight	non salin et non alcalin	86.17	Optimal	S57093
320	0.22	1.39	0.16455158253664165	Sol non sodique – Faible risque de dispersion, perméabilité normale	0.02189773181628443	None to slight	non salin et non alcalin	41.480000000000004	Optimal	S57095
321	0.17	1.01	0.27404110572613977	Sol non sodique – Faible risque de dispersion, perméabilité normale	0.02880694400402672	None to slight	non salin et non alcalin	106.36	Optimal	S73824
322	0.27	3.31	0.3861936223836848	Sol non sodique – Faible risque de dispersion, perméabilité normale	0.041955272736779216	None to slight	non salin et non alcalin	212.72	Optimal	S73825
323	0.18	1.31	0.16812611522211882	Sol non sodique – Faible risque de dispersion, perméabilité normale	0.01818280171873484	None to slight	non salin et non alcalin	70.91	Optimal	S73826
324	0.09	0.69	0.15510216429611035	Sol non sodique – Faible risque de dispersion, perméabilité normale	0.025471294492301472	None to slight	non salin et non alcalin	141.81	Optimal	S73827
325	0.11	0.94	0.02897058709758434	Sol non sodique – Faible risque de dispersion, perméabilité normale	0.0032487787426760803	None to slight	non salin et non alcalin	177.27	Optimal	S73828
326	4.31	52.02	4.126794258565432	Sol non sodique – Faible risque de dispersion, perméabilité normale	0.3128344983364258	Moderate to high	salin et non alcalin	9075.97	Saline-Sodic	S73829
327	4.01	52.64	4.990784923594818	Sol non sodique – Faible risque de dispersion, perméabilité normale	0.3807529888227017	Moderate to high	salin et non alcalin	6736.07	Saline-Sodic	S73830
328	0.21	2.19	0.30064740071647383	Sol non sodique – Faible risque de dispersion, perméabilité normale	0.04180471203942935	None to slight	non salin et non alcalin	354.53	Optimal	S73831
329	0.07	0.65	0.033236432110748775	Sol non sodique – Faible risque de dispersion, perméabilité normale	0.0054957825813556375	None to slight	non salin et non alcalin	70.91	Optimal	S73832
330	8.66	112.5	0.8179997676720375	Sol non sodique – Faible risque de dispersion, perméabilité normale	0.06806183318310388	None to slight	salin et non alcalin	10990.43	Saline-Sodic	S73833
331	9.31	108.6	2.679269688211622	Sol non sodique – Faible risque de dispersion, perméabilité normale	0.18670569272008095	Light to moderate	salin et non alcalin	14181.2	Saline-Sodic	S73834
332	0.21	0.97	0.14271473354335826	Sol non sodique – Faible risque de dispersion, perméabilité normale	0.016440588149820006	None to slight	non salin et non alcalin	177.27	Optimal	S73835
333	0.09	0.81	0.03211505372079623	Sol non sodique – Faible risque de dispersion, perméabilité normale	0.004595365038650499	None to slight	non salin et non alcalin	70.91	Optimal	S73836
334	0.11	0.97	0.039111519976968954	Sol non sodique – Faible risque de dispersion, perméabilité normale	0.004197026096818418	None to slight	non salin et non alcalin	35.45	Optimal	S73837
335	0.07	0.52	0.0448074977630865	Sol non sodique – Faible risque de dispersion, perméabilité normale	0.006018440892709592	None to slight	non salin et non alcalin	70.91	Optimal	S73838
336	0.29	2.58	0.21297294279551968	Sol non sodique – Faible risque de dispersion, perméabilité normale	0.023326274881769297	None to slight	non salin et non alcalin	212.72	Optimal	S73839
337	0.11	1.02	0.259944969073433	Sol non sodique – Faible risque de dispersion, perméabilité normale	0.04087234212989583	None to slight	non salin et non alcalin	212.72	Optimal	S73840
338	0.22	1.96	0.4164519561906456	Sol non sodique – Faible risque de dispersion, perméabilité normale	0.06584041226432724	None to slight	non salin et non alcalin	319.08	Optimal	S73841
339	0.47	5.36	0.03104492278641316	Sol non sodique – Faible risque de dispersion, perméabilité normale	0.0034656048578916875	None to slight	non salin et non alcalin	141.81	Optimal	S73842
340	1.19	10.27	1.2528513622706603	Sol non sodique – Faible risque de dispersion, perméabilité normale	0.12039242817697322	None to slight	salin et non alcalin	1843.56	Sodic	S73843
341	0.3	2.6	0.2503014902940172	Sol non sodique – Faible risque de dispersion, perméabilité normale	0.026231140228078084	None to slight	non salin et non alcalin	212.72	Optimal	S73844
342	0.2	1.52	0.03204919195780946	Sol non sodique – Faible risque de dispersion, perméabilité normale	0.003262796426586601	None to slight	non salin et non alcalin	106.36	Optimal	S73845
343	0.56	7.13	0.47387316514851074	Sol non sodique – Faible risque de dispersion, perméabilité normale	0.04778095869565869	None to slight	salin et non alcalin	638.15	Optimal	S73846
344	4.75	45.75	5.389971399304318	Sol non sodique – Faible risque de dispersion, perméabilité normale	0.36282594019736003	Moderate to high	salin et non alcalin	9075.97	Saline-Sodic	S73847
345	4.16	59.84	5.555568078573658	Sol non sodique – Faible risque de dispersion, perméabilité normale	0.3860069553625483	Moderate to high	salin et non alcalin	7516.04	Saline-Sodic	S73848
346	12.09	135.6	26.275446615877893	Sol très sodique – Très haut risque de dispersion, dégradation sévère	0.7464525127626617	Extremely high	salin et non alcalin	22689.92	Saline-Sodic	S73849
347	0.2	0.79	0.07283895059985368	Sol non sodique – Faible risque de dispersion, perméabilité normale	0.010280975663726225	None to slight	non salin et non alcalin	638.15	Optimal	S73850
348	0.08	0.54	0.01895680546555125	Sol non sodique – Faible risque de dispersion, perméabilité normale	0.0023650660028795316	None to slight	non salin et non alcalin	177.27	Optimal	S73851
349	12.07	113.3	6.265682285189748	Sol non sodique – Faible risque de dispersion, perméabilité normale	0.36229746391858925	Moderate to high	salin et non alcalin	23044.45	Saline-Sodic	S73852
350	11.37	107.4	5.291065445093235	Sol non sodique – Faible risque de dispersion, perméabilité normale	0.3110855860006388	Moderate to high	salin et non alcalin	22335.39	Saline-Sodic	S73853
351	17.11	165.3	13.598258481742091	Sol modérément sodique – Risque modéré de sodicité	0.5724419998927621	High to very high	salin et non alcalin	31907.7	Saline-Sodic	S73854
352	13.34	118.7	10.180153914088091	Sol modérément sodique – Risque modéré de sodicité	0.4919993422398052	Moderate to high	salin et non alcalin	23398.98	Saline-Sodic	S73855
353	12.67	145.6	10.653031463822394	Sol modérément sodique – Risque modéré de sodicité	0.4983142041468008	Moderate to high	salin et non alcalin	28362.4	Saline-Sodic	S73856
354	18.29	154.5	11.202136009462192	Sol modérément sodique – Risque modéré de sodicité	0.49221645449539786	Moderate to high	salin et non alcalin	30844.11	Saline-Sodic	S73857
355	11.48	110.3	9.4671323618881	Sol non sodique – Faible risque de dispersion, perméabilité normale	0.48994261707181697	Moderate to high	salin et non alcalin	21271.8	Saline-Sodic	S73858
356	12.48	101.4	6.271804602834683	Sol non sodique – Faible risque de dispersion, perméabilité normale	0.34601060901200836	Moderate to high	salin et non alcalin	21271.8	Saline-Sodic	S73859
357	14.97	143.4	14.060085770056622	Sol modérément sodique – Risque modéré de sodicité	0.5792970880418788	High to very high	salin et non alcalin	28716.93	Saline-Sodic	S73860
358	15.24	127	11.521895866162422	Sol modérément sodique – Risque modéré de sodicité	0.49528760954124856	Moderate to high	salin et non alcalin	30844.11	Saline-Sodic	S73861
359	5.43	73.06	4.266688422535876	Sol non sodique – Faible risque de dispersion, perméabilité normale	0.30897823090897064	Moderate to high	salin et non alcalin	9217.78	Saline-Sodic	S73862
360	6.01	77.34	2.276627604427799	Sol non sodique – Faible risque de dispersion, perméabilité normale	0.168654886431471	Light to moderate	salin et non alcalin	9997.75	Saline-Sodic	S73863
361	69.01	224.8	40.46074768959475	Sol très sodique – Très haut risque de dispersion, dégradation sévère	0.6878144693603682	High to very high	salin et non alcalin	140039.35	Saline-Sodic	S73864
362	11.64	83.23	5.291565779942551	Sol non sodique – Faible risque de dispersion, perméabilité normale	0.24409090532806793	Light to moderate	salin et non alcalin	17726.5	Saline-Sodic	S73865
363	46.82	229.4	22.28870308161383	Sol sodique – Risque élevé de dispersion, structure du sol détériorée	0.5416950893006024	High to very high	salin et non alcalin	92177.8	Saline-Sodic	S73866
364	11.34	84.42	4.487489686741303	Sol non sodique – Faible risque de dispersion, perméabilité normale	0.20820162979071793	Light to moderate	salin et non alcalin	19499.15	Saline-Sodic	S73867
365	43.14	225	26.397375223679322	Sol très sodique – Très haut risque de dispersion, dégradation sévère	0.6463342064838075	High to very high	salin et non alcalin	90405.15	Saline-Sodic	S73868
366	9.29	71.2	7.500432344066186	Sol non sodique – Faible risque de dispersion, perméabilité normale	0.43830258556922663	Moderate to high	salin et non alcalin	15953.85	Saline-Sodic	S73869
367	3.88	19.17	0.6758962487451734	Sol non sodique – Faible risque de dispersion, perméabilité normale	0.03701188338872765	None to slight	salin et non alcalin	2907.15	Optimal	S73870
368	4.34	23	0.9392901468560173	Sol non sodique – Faible risque de dispersion, perméabilité normale	0.051951600545229674	None to slight	salin et non alcalin	3545.3	Saline-Sodic	S73871
369	7.04	53.32	3.1887662656098903	Sol non sodique – Faible risque de dispersion, perméabilité normale	0.23811504280093862	Light to moderate	salin et non alcalin	10494.09	Saline-Sodic	S73872
370	2.21	11.26	1.0010772425913166	Sol non sodique – Faible risque de dispersion, perméabilité normale	0.09678959123738287	None to slight	salin et non alcalin	1559.93	Sodic	S73873
371	20.02	178	11.897698178876912	Sol modérément sodique – Risque modéré de sodicité	0.400022277077123	Moderate to high	salin et non alcalin	35453	Saline-Sodic	S73874
372	16.38	114.4	7.1802130261356085	Sol non sodique – Faible risque de dispersion, perméabilité normale	0.28600873361544576	Light to moderate	salin et non alcalin	26589.75	Saline-Sodic	S73875
461	6.01	73.81	7.791312136814406	0.4744876668049394	0.5333356632501365	nan	nan	16246.15	nan	S77045
373	5.57	87.62	6.716748129956632	Sol non sodique – Faible risque de dispersion, perméabilité normale	0.45158081345746337	Moderate to high	salin et non alcalin	10635.9	Saline-Sodic	S73876
374	14.18	159.1	12.611305747964963	Sol modérément sodique – Risque modéré de sodicité	0.551544630182729	High to very high	salin et non alcalin	28362.4	Saline-Sodic	S73877
375	6.78	75	8.198821929328307	Sol non sodique – Faible risque de dispersion, perméabilité normale	0.4825800539386278	Moderate to high	salin et non alcalin	29213.27	Saline-Sodic	S73878
376	11.82	129.6	9.242550891777624	Sol non sodique – Faible risque de dispersion, perméabilité normale	0.44715364189316303	Moderate to high	salin et non alcalin	21271.8	Saline-Sodic	S73879
377	11.38	109.1	14.966234899044075	Sol modérément sodique – Risque modéré de sodicité	0.6256521737652647	High to very high	salin et non alcalin	31907.7	Saline-Sodic	S73880
378	15.03	147	13.122068813794094	Sol modérément sodique – Risque modéré de sodicité	0.5696482290465463	High to very high	salin et non alcalin	17017.44	Saline-Sodic	S73881
379	8.66	93.46	10.576840406808305	Sol modérément sodique – Risque modéré de sodicité	0.5418031547961881	High to very high	salin et non alcalin	27936.96	Saline-Sodic	S73882
380	14.7	140.4	12.516737672623766	Sol modérément sodique – Risque modéré de sodicité	0.5407161621020912	High to very high	salin et non alcalin	29425.99	Saline-Sodic	S73883
381	6.41	73.65	6.655756544866999	Sol non sodique – Faible risque de dispersion, perméabilité normale	0.41316792922279055	Moderate to high	salin et non alcalin	13046.7	Saline-Sodic	S73884
382	15.66	140	10.199265658141222	Sol modérément sodique – Risque modéré de sodicité	0.46645439001573796	Moderate to high	salin et non alcalin	34034.88	Saline-Sodic	S73885
383	8	94.92	11.804041082094198	Sol modérément sodique – Risque modéré de sodicité	0.5695757998147168	High to very high	salin et non alcalin	18293.75	Saline-Sodic	S73886
384	19.69	130.7	11.666995445837335	Sol modérément sodique – Risque modéré de sodicité	0.5046660343628562	High to very high	salin et non alcalin	34034.88	Saline-Sodic	S73887
385	9.83	93.27	10.162338620061144	Sol modérément sodique – Risque modéré de sodicité	0.5299079384024584	High to very high	salin et non alcalin	19499.15	Saline-Sodic	S73888
386	10.89	92.72	9.290016537663385	Sol non sodique – Faible risque de dispersion, perméabilité normale	0.42674253231063547	Moderate to high	salin et non alcalin	22335.39	Saline-Sodic	S73889
387	10.36	120.7	13.599688935335895	Sol modérément sodique – Risque modéré de sodicité	0.601032069099563	High to very high	salin et non alcalin	23398.98	Saline-Sodic	S73890
388	14.22	136	11.393529452182564	Sol modérément sodique – Risque modéré de sodicité	0.5049241409276607	High to very high	salin et non alcalin	30135.05	Saline-Sodic	S73891
389	10.17	127.2	12.748663226640984	Sol modérément sodique – Risque modéré de sodicité	0.5871266405118247	High to very high	salin et non alcalin	21271.8	Saline-Sodic	S73892
390	12.07	121.2	10.06943464929592	Sol modérément sodique – Risque modéré de sodicité	0.4718539382487451	Moderate to high	salin et non alcalin	27298.81	Saline-Sodic	S73893
391	0.56	7.8	0.9362304987713138	Sol non sodique – Faible risque de dispersion, perméabilité normale	0.09139933690232326	None to slight	salin et non alcalin	992.68	Sodic	S73894
392	3.28	47.19	3.76851703355127	Sol non sodique – Faible risque de dispersion, perméabilité normale	0.27789593499559634	Light to moderate	salin et non alcalin	7516.04	Sodic	S73895
393	32.35	218.2	34.03723087104031	Sol très sodique – Très haut risque de dispersion, dégradation sévère	0.7381278558211867	Extremely high	salin et non alcalin	81541.9	Saline-Sodic	S73896
394	9.1	56.29	10.916412895134595	Sol modérément sodique – Risque modéré de sodicité	0.5594043031518057	High to very high	salin et non alcalin	15953.85	Saline-Sodic	S73897
395	35	126	36.614650370437445	Sol très sodique – Très haut risque de dispersion, dégradation sévère	0.784035977522193	Extremely high	salin et non alcalin	68424.29	Saline-Sodic	S73898
396	10.59	136.2	8.02020685284932	Sol non sodique – Faible risque de dispersion, perméabilité normale	0.36499687524593566	Moderate to high	salin et non alcalin	21626.33	Saline-Sodic	S73899
397	29.72	203.6	35.05817623624638	Sol très sodique – Très haut risque de dispersion, dégradation sévère	0.7643526468997487	Extremely high	salin et non alcalin	76578.48	Saline-Sodic	S73900
398	10.77	72.11	11.001370285679673	Sol modérément sodique – Risque modéré de sodicité	0.4981953520894455	Moderate to high	salin et non alcalin	19853.68	Saline-Sodic	S73901
399	23.74	164	22.606845780127728	Sol sodique – Risque élevé de dispersion, structure du sol détériorée	0.6780721810854251	High to very high	salin et non alcalin	49988.73	Saline-Sodic	S73902
400	8.45	66.61	9.242043188497588	Sol non sodique – Faible risque de dispersion, perméabilité normale	0.4737487617642748	Moderate to high	salin et non alcalin	18151.94	Saline-Sodic	S73903
401	35.1	235.2	38.882946613044126	Sol très sodique – Très haut risque de dispersion, dégradation sévère	0.7785736176737396	Extremely high	salin et non alcalin	87214.38	Saline-Sodic	S73904
402	7.45	66.24	11.324449857833011	Sol modérément sodique – Risque modéré de sodicité	0.5439656702479023	High to very high	salin et non alcalin	17726.5	Saline-Sodic	S73905
403	40.28	223	40.78440840864086	Sol très sodique – Très haut risque de dispersion, dégradation sévère	0.7904636054408051	Extremely high	salin et non alcalin	91468.74	Saline-Sodic	S73906
404	12.57	76.16	12.366998157956578	Sol modérément sodique – Risque modéré de sodicité	0.531577964587645	High to very high	salin et non alcalin	19853.68	Saline-Sodic	S73907
405	33.49	214.8	37.263862896915654	Sol très sodique – Très haut risque de dispersion, dégradation sévère	0.7848172855921645	Extremely high	salin et non alcalin	78705.66	Saline-Sodic	S73908
406	7.96	70.92	12.409536584801941	Sol modérément sodique – Risque modéré de sodicité	0.5535371980697945	High to very high	salin et non alcalin	20562.74	Saline-Sodic	S73909
407	43.66	226	30.249454706572163	Sol très sodique – Très haut risque de dispersion, dégradation sévère	0.7777584781190817	Extremely high	salin et non alcalin	91468.74	Saline-Sodic	S73910
408	8.36	52.79	8.477231898249848	Sol non sodique – Faible risque de dispersion, perméabilité normale	0.4410835685782703	Moderate to high	salin et non alcalin	14323.01	Saline-Sodic	S73911
409	43.17	222.1	41.34360633270312	Sol très sodique – Très haut risque de dispersion, dégradation sévère	0.7976184218443507	Extremely high	salin et non alcalin	85087.2	Saline-Sodic	S73912
410	11.26	79.08	12.227714222428132	Sol modérément sodique – Risque modéré de sodicité	0.5342497414628447	High to very high	salin et non alcalin	18790.09	Saline-Sodic	S73913
411	33.23	196.1	32.02122507382206	Sol très sodique – Très haut risque de dispersion, dégradation sévère	0.7460118773666963	Extremely high	salin et non alcalin	74805.83	Saline-Sodic	S73914
412	10.41	60.94	9.561524275972937	Sol non sodique – Faible risque de dispersion, perméabilité normale	0.46830655362907714	Moderate to high	salin et non alcalin	17726.5	Saline-Sodic	S73915
413	45.15	218.4	39.578437963647715	Sol très sodique – Très haut risque de dispersion, dégradation sévère	0.7827357816518281	Extremely high	salin et non alcalin	90759.68	Saline-Sodic	S73916
414	9.75	60.08	10.846430353282699	Sol modérément sodique – Risque modéré de sodicité	0.5314066709703029	High to very high	salin et non alcalin	20917.27	Saline-Sodic	S73917
415	33.96	186.5	30.322721502600523	Sol très sodique – Très haut risque de dispersion, dégradation sévère	0.7442750934532368	Extremely high	salin et non alcalin	67006.17	Saline-Sodic	S73918
416	10.78	67.1	10.749226568201355	Sol modérément sodique – Risque modéré de sodicité	0.5100119670844766	High to very high	salin et non alcalin	22689.92	Saline-Sodic	S73919
417	34.33	194.4	29.95695090663737	Sol très sodique – Très haut risque de dispersion, dégradation sévère	0.7372529574163642	Extremely high	salin et non alcalin	67360.7	Saline-Sodic	S73920
418	9.37	58.94	9.546004645621391	Sol non sodique – Faible risque de dispersion, perméabilité normale	0.47608820475001107	Moderate to high	salin et non alcalin	17726.5	Saline-Sodic	S73921
419	38.43	206	42.84308181799655	Sol très sodique – Très haut risque de dispersion, dégradation sévère	0.8120817824388644	Extremely high	salin et non alcalin	74451.3	Saline-Sodic	S73922
420	13.72	79.09	12.376808873400261	Sol modérément sodique – Risque modéré de sodicité	0.5329799802270246	High to very high	salin et non alcalin	21271.8	Saline-Sodic	S73923
421	46.44	213	34.651410060331884	Sol très sodique – Très haut risque de dispersion, dégradation sévère	0.7715471614323072	Extremely high	salin et non alcalin	92532.33	Saline-Sodic	S73924
422	13.55	72.3	13.937389868585754	Sol modérément sodique – Risque modéré de sodicité	0.5655549794698521	High to very high	salin et non alcalin	22689.92	Saline-Sodic	S73925
423	36.18	202.4	37.34657878015416	Sol très sodique – Très haut risque de dispersion, dégradation sévère	0.7989370977950556	Extremely high	salin et non alcalin	69487.88	Saline-Sodic	S73926
424	12.28	73.52	14.514565193970968	Sol modérément sodique – Risque modéré de sodicité	0.5921538750565994	High to very high	salin et non alcalin	20917.27	Saline-Sodic	S73927
425	26.4	120.4	20.861678472674107	0.6619150170787899	0.6595103405714041	nan	nan	43139.38	nan	S77009
426	9.22	52.9	9.275913333588944	0.5076782308140921	0.5189690625477215	nan	nan	7487.33	nan	S77010
427	1.02	4.61	0.5164340524245632	-0.04195170154789436	0.049519519697676956	nan	nan	550.58	nan	S77011
428	6.2	37.68	7.009883986642543	0.454375215076251	0.4716107487406798	nan	nan	5511.82	nan	S77012
429	11.5	75.5	9.156059396085357	0.505203343713024	0.4805767173748399	nan	nan	8827.82	nan	S77013
430	7.04	46.51	6.946761563858596	0.4526538445767896	0.45575219039790776	nan	nan	6886.49	nan	S77014
431	4.9	34.53	4.1741919825759695	0.3557236287090027	0.31312478493121904	nan	nan	5462.93	nan	S77015
432	3.7	23.78	4.592084673886924	0.37388077890317245	0.36063451679819586	nan	nan	4141.8	nan	S77016
433	22.1	176.8	26.02511503699788	0.7039995052112012	0.7602356713489989	nan	nan	39932.8	nan	S77017
434	8.93	69.31	12.057194277855363	0.5575825867400094	0.6306259059267451	nan	nan	8035.4	nan	S77018
435	28.5	190	30.419963201843156	0.7336933543836555	0.7641115741409699	nan	nan	13770.02	nan	S77019
436	10.4	74.73	9.042159863648347	0.5028212024995836	0.48678165245448	nan	nan	8482.39	nan	S77020
437	0.31	1.79	0.6945114049571312	0.014426763922840632	0.08607189274467675	nan	nan	261.71	nan	S77021
438	2.2	16	1.3822861033009366	0.14540747939059892	0.130666548991742	nan	nan	2570.74	nan	S77022
439	41.02	198.6	32.24492870065764	0.7447805566784892	0.7339429114383275	nan	nan	74900.17	nan	S77023
440	12.31	71.15	11.321203491864932	0.5455967059201432	0.5397949952586611	nan	nan	8888.14	nan	S77024
441	29.8	147.6	25.877048895933175	0.7029137291684064	0.70131894683948	nan	nan	53289.69	nan	S77025
442	9.4	52.81	8.306200883815682	0.48666554345647967	0.4685043951462743	nan	nan	7873.06	nan	S77026
443	60.8	234.7	53.785559037958656	0.842146453739453	0.8229680212745656	nan	nan	115249.23	nan	S77027
444	13.3	65.61	11.747247965436944	0.5526266952147143	0.561064308321973	nan	nan	8913.27	nan	S77028
445	32.3	154.5	27.673030356741343	0.7156832155507024	0.7195206706248181	nan	nan	57476.9	nan	S77029
446	9.16	49.8	9.869516304851874	0.5194824959260355	0.5314782381152329	nan	nan	7556.21	nan	S77030
447	2.01	23.75	1.520698699055383	0.16356803190782326	0.14460032849281113	nan	nan	2653.51	nan	S77031
448	7.01	52.63	3.0028217947569904	0.29304483025211925	0.21847210059559755	nan	nan	7143.9	nan	S77032
449	32.5	171.3	29.99377864705986	0.7310083935222554	0.7412238379670855	nan	nan	58234.24	nan	S77033
450	11.2	61.87	7.313489164356339	0.4624438061544529	0.41637323802742937	nan	nan	8611.22	nan	S77034
451	3.01	30.22	2.4414572831959895	0.25366084909720565	0.2222542607893134	nan	nan	3454.08	nan	S77035
452	7.01	40.11	2.4708392121225917	0.25593735979257054	0.16238915499022577	nan	nan	4957.08	nan	S77036
453	45.07	218.3	43.05065653937206	0.7997804347069292	0.80658970744282	nan	nan	82938.21	nan	S77037
454	12.01	65.9	10.452121778618519	0.5303969912748577	0.5330829742765525	nan	nan	8648.92	nan	S77038
455	24.01	180	25.93142683070893	0.7033132053020968	0.7608639213727866	nan	nan	39830.89	nan	S77039
456	7.43	42.47	9.465394593125891	0.5115263627079036	0.5863978991627918	nan	nan	9395.92	nan	S77040
457	35.01	151.3	30.920283267029227	0.7367977768589147	0.7420824950268786	nan	nan	10600.96	nan	S77041
458	11.01	53.19	10.82413223035376	0.5370523737996991	0.5417672747099228	nan	nan	63565.52	nan	S77042
459	17.3	121.4	15.93637862027163	0.6106654286166251	0.6289826498595648	nan	nan	17364.88	nan	S77043
460	11.1	72.13	10.653886512810425	0.5340354811362051	0.5651582481880217	nan	nan	30991.2	nan	S77044
462	8.13	50.8	5.057566067375324	0.3922544827181763	0.33006799317191904	nan	nan	9053.04	nan	S77046
463	50.51	226.3	47.017239358741456	0.8165528768703773	0.8192063328975141	nan	nan	8672.97	nan	S77047
464	12.01	66.98	10.725256405951175	0.535306041061742	0.539253396159106	nan	nan	8943.82	nan	S77048
465	48.01	226.2	46.33832181827658	0.8137849585149985	0.8184578282779175	nan	nan	20836.91	nan	S77049
466	12.2	71.17	11.245332476440296	0.5443170847449638	0.5425508778430882	nan	nan	8956.94	nan	S77050
467	10.01	53.86	9.391967485917124	0.510044368666166	0.48926004087463476	nan	nan	8388.42	nan	S77051
468	8.3	42.52	8.795151351223648	0.49755037167219907	0.49756761778052955	nan	nan	7205.57	nan	S77052
469	38.01	189.7	35.79326321024905	0.764647670379862	0.7736989481900786	nan	nan	9528.9	nan	S77053
470	12.3	61	11.44911761907412	0.5477347798058861	0.5602392678847058	nan	nan	8611.19	nan	S77054
471	23.01	128	22.486436810376375	0.6761872143096218	0.6891982108083813	nan	nan	18362.2	nan	S77055
472	8.2	47.17	7.87991028150347	0.476639433415166	0.4692782920927744	nan	nan	36140.25	nan	S77056
473	42.4	210.7	36.48753258347851	0.7683035107336579	0.7660228322988459	nan	nan	12431.06	nan	S77057
474	13.1	71.33	10.283300672289124	0.5272982006427785	0.5220319430986696	nan	nan	64552.4	nan	S77058
475	13.1	98.67	13.389534209554043	0.577528282816617	0.5934031813654819	nan	nan	18995.01	nan	S77059
476	9.6	58.1	8.220056069596891	0.48468160884014605	0.4440099530585596	nan	nan	1355.97	nan	S77060
477	29.1	183.6	33.33826495901166	0.7511261204284724	0.764065599144284	nan	nan	54012.9	nan	S77061
478	9.1	63.14	9.781754130718829	0.5177827327653565	0.5096769452519703	nan	nan	1266.31	nan	S77062
479	20	112	15.547375763848933	0.6059626215700435	0.5877628532570881	nan	nan	33862.12	nan	S77063
480	8.6	43.84	8.502994681515986	0.4911216247399173	0.48414722727139814	nan	nan	1016.15	nan	S77064
481	15.1	125.7	16.50832045247577	0.617375418851021	0.6625589088273488	nan	nan	2233.91	nan	S77065
482	13	84.25	10.660749819687814	0.534158034232916	0.5367932589570127	nan	nan	1807.43	nan	S77066
483	68	224.7	50.09902275647806	0.8286344858385651	0.7888105669887571	nan	nan	131012.18	nan	S77067
484	11.1	65.38	25.21979379042001	0.6980178280200416	0.7469430063080902	nan	nan	1564.63	nan	S77068
485	20.3	142.3	11.049002190194537	0.5409653256650625	0.5424826775501421	nan	nan	35545.59	nan	S77069
486	11.3	58.66	8.17296666734178	0.4835883220143605	0.46555337428800836	nan	nan	1399.11	nan	S77070
487	13.5	146	16.811707935506583	0.6208409761391951	0.6977776117152186	nan	nan	2052.05	nan	S77071
488	8.9	71.56	9.103341109522605	0.5041044776461107	0.5273134341321551	nan	nan	1170.95	nan	S77072
489	16.6	102.5	13.67183145973751	0.5814987487688978	0.5551995324760521	nan	nan	28673.61	nan	S77073
490	5.7	33.93	5.720507916589248	0.41569416091006306	0.3822365105303552	nan	nan	778.43	nan	S77074
491	20.4	119.2	15.233842521659184	0.6020857484049322	0.5688720590087131	nan	nan	35612.53	nan	S77075
492	7.5	47.7	6.538193638988608	0.4411188740900713	0.36463805015701106	nan	nan	947.51	nan	S77076
493	42.9	231.2	28.28308387141888	0.719832816910196	0.7025471371057839	nan	nan	81953.01	nan	S77077
494	5.6	58.62	5.641632375737803	0.41305200790722224	0.4200213232362003	nan	nan	795.56	nan	S77078
495	47.2	241.5	43.48082061989341	0.801672483740401	0.7905822050268034	nan	nan	86774.43	nan	S77079
496	14	77.97	10.693078175511204	0.5347342391938987	0.537623499265848	nan	nan	1745.24	nan	S77080
497	17.7	131.6	17.591842659700315	0.629472939370698	0.6811759925107828	nan	nan	26913.69	nan	S77081
498	8.3	49.26	8.465442148487401	0.49027932455943946	0.5299852902492025	nan	nan	947.42	nan	S77082
499	1.8	7.38	1.1253641726991537	0.10627570355226819	0.11891712605671784	nan	nan	105.45	nan	S77083
500	3.6	21.53	3.8876794822066674	0.34219170837788343	0.31982004968081007	nan	nan	329.12	nan	S77084
501	13.2	84.05	10.95311168394798	0.5393065687856147	0.5164404376775118	nan	nan	1835.03	nan	S77085
502	10.7	60.08	10.126820044970536	0.5243801535358704	0.5310315020079132	nan	nan	1318.62	nan	S77086
503	62.9	241.8	62.98584817740947	0.8721957861408527	0.8528382347056099	nan	nan	118874.89	nan	S77087
504	11.4	66.79	8.857609799144512	0.498897004319257	0.4942215701791775	nan	nan	1352.35	nan	S77088
505	63.3	240.2	48.87225264383069	0.8239166258600339	0.809923986228222	nan	nan	117871.8	nan	S77089
506	13.3	73.77	10.79325512277295	0.5365087449630956	0.5368051911623074	nan	nan	1824.52	nan	S77090
507	75.9	233	60.34407778882741	0.8640419530551252	0.819354280368948	nan	nan	143402.36	nan	S77091
508	13.4	64.28	10.774000218718394	0.5361689512195619	0.5327670066464607	nan	nan	1681.14	nan	S77092
509	61.5	240.2	53.745982220353014	0.8420063744912196	0.819064246052525	nan	nan	113544.52	nan	S77093
510	11.2	59.18	10.319961903596175	0.5279754370421352	0.5345929858017701	nan	nan	1320.92	nan	S77094
511	9.3	52.75	8.89637725117072	0.49972808049669354	0.5132558604449596	nan	nan	989.18	nan	S77095
512	19.7	149.7	18.049027682508946	0.6343553724559502	0.6469316236981287	nan	nan	33580	nan	S77096
513	53.8	241.5	43.14163706278686	0.8001821782808031	0.7919628538633451	nan	nan	97586.74	nan	S77097
514	11.4	54.44	10.405897816473427	0.5295535330206841	0.530061897224813	nan	nan	1413.02	nan	S77098
515	10	108.6	19.510420522471872	0.6491715392473911	0.6292532920100781	nan	nan	1463.78	nan	S77099
516	9.8	99.46	10.295945840216621	0.5275320649640979	0.5274602988191402	nan	nan	1352.73	nan	S77100
517	63.2	238	5.19462059707729	0.39734276909332344	0.3407043479585691	nan	nan	118352.36	nan	S77101
518	10.5	58.04	10.290495335955645	0.5274312966014437	0.5725641710154428	nan	nan	1463.36	nan	S77102
519	58.1	224.3	7.703548099169578	0.4723318971216743	0.471578082751569	nan	nan	106052.05	nan	S77103
520	11.9	48.91	45.416658725131136	0.8099617679939934	0.7808151613724871	nan	nan	1496.76	nan	S77104
521	25.6	150	9.984560959852132	0.521687911225732	0.5047218713345647	nan	nan	44579.65	nan	S77105
522	10.6	51.2	46.170293584300325	0.8130936540791741	0.7883476694756585	nan	nan	1333.11	nan	S77106
523	8.3	51.06	11.376487767462095	0.5465237269400873	0.5534120898290551	nan	nan	1158.03	nan	S77107
524	19	150	18.39645843907153	0.6379836997417921	0.6819046704049129	nan	nan	33786.5	nan	S77108
\.


--
-- Data for Name: visualisation_soilquality; Type: TABLE DATA; Schema: public; Owner: postgres
--

COPY public.visualisation_soilquality (id, "Ph_level", "Organic_matter", "Cu", "Mn", "Fe", "Zn", "NNH4", "NO3", "NT", "P2O5", k2o, "Code_labo_id") FROM stdin;
263	8.32	0.806	0.99	16.21	4.86	0.75	<0,5	26.42	0.060375	59.84	426.92	S55239
264	8.12	1.009	0.88	4.88	2.83	0.65	<0,5	26.07	0.0630625	35.52	607.12	S55240
265	8.44	0.258	1.32	9.12	6.11	0.45	<0,5	22.73	0.0425	95.08	516.67	S55241
266	8.19	0.694	0.81	3.73	2.95	0.33	<0,5	47.56	0.043375	69.63	505.14	S55242
267	8.35	1.126	1.09	22.07	9.96	0.75	<0,5	35.26	0.070375	87.52	447.89	S55243
268	8.15	1.195	0.77	5.12	3.68	0.58	<0,5	47.05	0.0746875	51.34	418.59	S55244
269	8.27	0.536	0.72	8.41	7.09	0.34	<0,5	54.18	0.035	41.82	219.44	S55245
270	8.03	0.548	0.48	4.87	3.56	0.3	<0,5	128.44	0.03425	31.7	194.65	S55246
271	8.52	0.806	0.97	9.01	5.71	0.27	<0,5	39.7	0.050375	42.97	298.09	S55247
272	8.44	0.694	0.7	3.67	3.7	0.22	<0,5	68.31	0.04375	38.26	277.38	S55248
273	8.77	0.815	1.2	9.48	5.03	0.35	<0,5	1.5	0.059375	59.61	501.73	S55249
274	8.8	0.863	0.99	6.02	3	0.27	<0,5	8.66	0.0539375	40.57	402.88	S55250
275	8.79	1.449	1.56	14.15	6.55	0.5	<0,5	0.41	0.0905625	60.52	264.02	S55251
276	7.95	1.573	1.25	16.08	3.72	0.4	<0,5	173.03	0.0983125	49.75	269.21	S55252
277	8.53	1.631	1.65	20.8	7.09	0.51	<0,5	65.96	0.11	69.6	429.05	S55253
278	8.31	1.569	1.25	10.68	3.8	0.34	<0,5	39.79	0.0980625	49.38	318.5	S55254
279	8.01	1.121	0.8	11.67	4.17	0.33	<0,5	4.36	0.0700625	42.92	185.64	S55255
280	8.03	1.307	0.54	6.25	2.07	0.3	<0,5	11.88	0.0816875	40.83	154.28	S55256
281	7.97	2.219	2.49	59.74	11.09	1.77	3.19	95.05	0.13	80.69	1458.75	S55257
282	8.14	1.545	1.49	7.88	6.41	0.76	<0,5	36.51	0.0965625	58.69	2101.94	S55258
283	8.46	1.786	3.08	10.31	26.57	1.07	<0,5	5.25	0.111625	103.94	1294.24	S55259
284	8.26	1.619	1.78	5.17	9.02	0.8	<0,5	11.61	0.1011875	71.51	1409.6	S55260
285	8.38	0.648	0.58	4.58	7.32	0.66	<0,5	27.98	0.05	49.35	328.52	S55261
286	8.73	1.45	0.87	4.01	2.63	0.53	<0,5	1	0.090625	109.33	640.84	S55262
287	8.74	1.428	0.69	3.92	1.83	0.35	<0,5	16.52	0.08925	62.98	774.5	S55263
288	8.65	1.819	1.32	4.69	3	0.57	<1	0.5	0.1	54.48	731.13	S56859
289	8.82	1.663	1.61	4.61	3.27	0.73	2.24	0.5	0.1	65.09	674.08	S56861
290	8.46	0.305	0.85	0.98	3.56	0.31	18.21	3.1	0.06	19.96	147.67	S56863
291	9.06	2.737	3.78	22.11	23.71	1.36	50.54	0.5	0.13	70.97	1758.64	S56865
292	8.1	3.019	3.06	21.52	15.99	2.26	19.66	2.37	0.15	72.34	1541.79	S56867
293	8.77	1.874	2.51	9.75	14.7	0.68	13.47	0.5	0.09	52.8	1514.29	S56869
294	8.38	1.814	3.13	9.37	18.71	1.1	17.46	0.5	0.9	71.21	1237.74	S56871
295	8.38	1.286	2.69	14.71	16.32	0.9	18.06	1.31	0.08	60.12	1470.9	S56873
296	8.19	2.521	3.28	50.96	18.65	1.65	51.98	8.27	0.014	86.94	1364.2	S56875
297	8.18	2.145	3.44	42.96	17.06	1.9	51.47	9.03	0.13	88.18	1156.54	S56877
298	8.31	1.206	2.97	12.7	18.98	0.87	20.2	5.01	0.05	72.02	1440.96	S56879
299	8.39	1.255	2.72	14.06	15.75	0.83	17.11	2.33	0.08	93.12	1421.46	S56881
300	8.1	3.191	3.58	66.73	27.37	2.27	53.04	12.21	0.15	123.75	1185.96	S56883
301	8.47	1.381	2.66	10.91	16.67	0.75	10.16	2.02	0.09	84.92	1416.5	S56885
302	8.45	2.678	2.89	36.21	16.68	1.3	24.65	7.05	0.15	88.63	1458.23	S56887
303	8.2	3.017	3.03	83.97	12.33	1.9	43.35	8.18	0.15	88.76	670.2	S56889
304	8.21	2.499	3.05	70.03	12.61	1.8	53.6	3.37	0.14	89.57	836.98	S56891
305	8.02	2.938	1.93	14.25	8.32	0.85	6.49	0.5	0.17	57.81	359.44	S56893
306	7.9	2.037	0.95	2.66	2.5	0.34	<1	0.5	0.09	21.59	91	S56895
307	8.48	1.708	1.2	7.65	3.65	0.47	17.91	0.5	0.09	46.83	172.16	S56897
308	8.41	1.573	2.17	10.79	6.84	1.15	47.01	0.5	0.06	56.18	548.95	S56901
309	8.58	2.017	1.74	14.07	6.35	0.71	25.78	0.5	0.1	72.37	377.37	S56903
310	8.13	1.61	1.21	4.37	3.75	0.57	2	0.5	0.1	31.96	165.38	S56905
311	8.09	1.002	1.09	3.51	2.47	0.36	2.3	0.5	0.06	13	130.33	S56907
312	8.3	1.87	1.78	14.11	6.55	0.96	18.75	0.5	0.09	73.44	593.43	S56909
313	8.07	3.426	3.68	126.6	26.71	2.95	26.52	8.17	0.17	66.88	1895.27	S56911
314	8.89	0.974	0.98	2.79	1.27	0.67	<0.5	47.26	0.0712	65.45	686.95	S57083
315	8.38	1.557	2.34	6.4	3.28	0.62	<0.5	28.33	0.1129	71.16	1375.23	S57085
316	8.09	2.266	2.01	1.84	2.09	1.29	<0.5	31.64	0.1636	155.15	1445.2	S57087
317	9.04	1.798	0.6	1.57	0.55	0.87	<0.5	0.28	0.1301	99.58	1244.36	S57089
318	8.7	1.677	0.57	3.28	1.11	0.69	<0.5	1	0.1215	106.11	753.05	S57091
319	8.62	1.454	0.9	2.42	3.46	0.7	<0.5	9.64	0.1055	57.23	601.53	S57093
320	8.58	2.369	2.44	16.58	2.31	0.38	<0.5	18.86	0.171	99.1	1308.03	S57095
321	8.67	1.54	NaN	NaN	NaN	NaN	nan	NaN	NaN	37	520	S73824
322	8.48	0.97	NaN	NaN	NaN	NaN	nan	NaN	NaN	22	611	S73825
323	8.47	2.25	NaN	NaN	NaN	NaN	nan	NaN	NaN	87	914	S73826
324	8.71	1.27	NaN	NaN	NaN	NaN	nan	NaN	NaN	35	672	S73827
325	8.47	1.21	NaN	NaN	NaN	NaN	nan	NaN	NaN	43	830	S73828
326	8.07	1.6	NaN	NaN	NaN	NaN	nan	NaN	NaN	56	792	S73829
327	8.34	1.27	NaN	NaN	NaN	NaN	nan	NaN	NaN	65	823	S73830
328	8.58	1.19	NaN	NaN	NaN	NaN	nan	NaN	NaN	47	917	S73831
329	8.63	1.72	NaN	NaN	NaN	NaN	nan	NaN	NaN	55	984	S73832
330	8.71	0.92	NaN	NaN	NaN	NaN	nan	NaN	NaN	23	872	S73833
331	8.75	0.94	NaN	NaN	NaN	NaN	nan	NaN	NaN	32	1116	S73834
332	8.6	1.42	NaN	NaN	NaN	NaN	nan	NaN	NaN	39	365	S73835
333	8.45	1.02	NaN	NaN	NaN	NaN	nan	NaN	NaN	40	378	S73836
334	8.4	2.38	NaN	NaN	NaN	NaN	nan	NaN	NaN	40	368	S73837
335	8.59	1.19	NaN	NaN	NaN	NaN	nan	NaN	NaN	21	262	S73838
336	8.37	1.68	NaN	NaN	NaN	NaN	nan	NaN	NaN	34	552	S73839
337	8.4	1.27	NaN	NaN	NaN	NaN	nan	NaN	NaN	40	873	S73840
338	8.45	1.52	NaN	NaN	NaN	NaN	nan	NaN	NaN	43	416	S73841
339	8.08	1.04	NaN	NaN	NaN	NaN	nan	NaN	NaN	70	510	S73842
340	8.26	2.28	NaN	NaN	NaN	NaN	nan	NaN	NaN	54	474	S73843
341	8.42	1.51	NaN	NaN	NaN	NaN	nan	NaN	NaN	70	261	S73844
342	8.4	1.14	NaN	NaN	NaN	NaN	nan	NaN	NaN	52	863	S73845
343	8.45	1.37	NaN	NaN	NaN	NaN	nan	NaN	NaN	92	1164	S73846
344	8.3	1.1	NaN	NaN	NaN	NaN	nan	NaN	NaN	43	555	S73847
345	8.54	0.88	NaN	NaN	NaN	NaN	nan	NaN	NaN	38	456	S73848
346	8.71	1.14	NaN	NaN	NaN	NaN	nan	NaN	NaN	42	361	S73849
347	8.45	2.03	NaN	NaN	NaN	NaN	nan	NaN	NaN	46	443	S73850
348	8.61	1.23	NaN	NaN	NaN	NaN	nan	NaN	NaN	27	683	S73851
349	8.01	0.65	NaN	NaN	NaN	NaN	nan	NaN	NaN	27	278	S73852
350	8.66	0.58	NaN	NaN	NaN	NaN	nan	NaN	NaN	12	200	S73853
351	8.18	0.76	NaN	NaN	NaN	NaN	nan	NaN	NaN	28	338	S73854
352	8.13	0.65	NaN	NaN	NaN	NaN	nan	NaN	NaN	13	249	S73855
353	8.11	1.08	NaN	NaN	NaN	NaN	nan	NaN	NaN	37	458	S73856
354	8.03	1.06	NaN	NaN	NaN	NaN	nan	NaN	NaN	13	387	S73857
355	8.25	1.13	NaN	NaN	NaN	NaN	nan	NaN	NaN	41	504	S73858
356	8.04	1.17	NaN	NaN	NaN	NaN	nan	NaN	NaN	19	444	S73859
357	8.18	1.29	NaN	NaN	NaN	NaN	nan	NaN	NaN	43	537	S73860
358	8.02	1.34	NaN	NaN	NaN	NaN	nan	NaN	NaN	18	457	S73861
359	8.41	0.75	NaN	NaN	NaN	NaN	nan	NaN	NaN	42	385	S73862
360	7.97	1.17	NaN	NaN	NaN	NaN	nan	NaN	NaN	27	356	S73863
361	8.03	2.68	NaN	NaN	NaN	NaN	nan	NaN	NaN	19	1354	S73864
362	8.18	1.31	NaN	NaN	NaN	NaN	nan	NaN	NaN	26	626	S73865
363	8.33	2.17	NaN	NaN	NaN	NaN	nan	NaN	NaN	31	760	S73866
364	8.21	1.22	NaN	NaN	NaN	NaN	nan	NaN	NaN	31	440	S73867
365	8.36	3.23	NaN	NaN	NaN	NaN	nan	NaN	NaN	24	973	S73868
366	8.28	2.11	NaN	NaN	NaN	NaN	nan	NaN	NaN	30	592	S73869
367	8.18	1.47	NaN	NaN	NaN	NaN	nan	NaN	NaN	22	233	S73870
368	8.18	1.78	NaN	NaN	NaN	NaN	nan	NaN	NaN	17	248	S73871
369	8.24	1.5	NaN	NaN	NaN	NaN	nan	NaN	NaN	63	441	S73872
370	8.26	1.49	NaN	NaN	NaN	NaN	nan	NaN	NaN	49	385	S73873
371	8.33	1.33	NaN	NaN	NaN	NaN	nan	NaN	NaN	23	185	S73874
372	8.35	1.14	NaN	NaN	NaN	NaN	nan	NaN	NaN	13	290	S73875
373	8.63	0.77	NaN	NaN	NaN	NaN	nan	NaN	NaN	30	178	S73876
374	8.02	0.89	NaN	NaN	NaN	NaN	nan	NaN	NaN	19	417	S73877
375	8.4	0.52	NaN	NaN	NaN	NaN	nan	NaN	NaN	30	177	S73878
376	7.92	0.75	NaN	NaN	NaN	NaN	nan	NaN	NaN	15	145	S73879
377	8.47	0.74	NaN	NaN	NaN	NaN	nan	NaN	NaN	33	232	S73880
378	8.16	0.91	NaN	NaN	NaN	NaN	nan	NaN	NaN	18	168	S73881
379	8.58	0.88	NaN	NaN	NaN	NaN	nan	NaN	NaN	36	169	S73882
380	8.11	0.78	NaN	NaN	NaN	NaN	nan	NaN	NaN	14	140	S73883
381	8.35	1.05	NaN	NaN	NaN	NaN	nan	NaN	NaN	40	270	S73884
382	7.99	1.34	NaN	NaN	NaN	NaN	nan	NaN	NaN	19	246	S73885
383	8.64	1.33	NaN	NaN	NaN	NaN	nan	NaN	NaN	47	267	S73886
384	8.03	1.56	NaN	NaN	NaN	NaN	nan	NaN	NaN	22	356	S73887
385	8.63	1.5	NaN	NaN	NaN	NaN	nan	NaN	NaN	51	342	S73888
386	8.1	1.59	NaN	NaN	NaN	NaN	nan	NaN	NaN	24	459	S73889
387	8.58	1.43	NaN	NaN	NaN	NaN	nan	NaN	NaN	49	298	S73890
388	8.04	1.63	NaN	NaN	NaN	NaN	nan	NaN	NaN	24	331	S73891
389	8.61	1.31	NaN	NaN	NaN	NaN	nan	NaN	NaN	49	210	S73892
390	8.07	1.8	NaN	NaN	NaN	NaN	nan	NaN	NaN	29	346	S73893
391	9	1.07	NaN	NaN	NaN	NaN	nan	NaN	NaN	49	237	S73894
392	8.44	1.44	NaN	NaN	NaN	NaN	nan	NaN	NaN	37	286	S73895
393	7.96	3.26	NaN	NaN	NaN	NaN	nan	NaN	NaN	69	1119	S73896
394	8.4	1.69	NaN	NaN	NaN	NaN	nan	NaN	NaN	49	860	S73897
395	8.06	2.79	NaN	NaN	NaN	NaN	nan	NaN	NaN	67	1057	S73898
396	8.15	1.54	NaN	NaN	NaN	NaN	nan	NaN	NaN	40	1381	S73899
397	8.06	2.49	NaN	NaN	NaN	NaN	nan	NaN	NaN	60	1592	S73900
398	8.24	1.46	NaN	NaN	NaN	NaN	nan	NaN	NaN	40	1230	S73901
399	8.1	2.56	NaN	NaN	NaN	NaN	nan	NaN	NaN	67	1578	S73902
400	8.28	1.52	NaN	NaN	NaN	NaN	nan	NaN	NaN	38	1223	S73903
401	7.98	2.76	NaN	NaN	NaN	NaN	nan	NaN	NaN	55	1516	S73904
402	8.39	1.55	NaN	NaN	NaN	NaN	nan	NaN	NaN	36	1272	S73905
403	8.03	2.77	NaN	NaN	NaN	NaN	nan	NaN	NaN	57	1490	S73906
404	8.21	1.47	NaN	NaN	NaN	NaN	nan	NaN	NaN	38	1177	S73907
405	8.02	2.76	NaN	NaN	NaN	NaN	nan	NaN	NaN	69	1395	S73908
406	8.29	1.45	NaN	NaN	NaN	NaN	nan	NaN	NaN	35	1162	S73909
407	7.96	3.01	NaN	NaN	NaN	NaN	nan	NaN	NaN	61	788	S73910
408	8.28	1.56	NaN	NaN	NaN	NaN	nan	NaN	NaN	42	1017	S73911
409	8.02	2.91	NaN	NaN	NaN	NaN	nan	NaN	NaN	58	1289	S73912
410	8.23	1.61	NaN	NaN	NaN	NaN	nan	NaN	NaN	39	1004	S73913
411	7.98	3.24	NaN	NaN	NaN	NaN	nan	NaN	NaN	72	1353	S73914
412	8.22	1.44	NaN	NaN	NaN	NaN	nan	NaN	NaN	42	1192	S73915
413	8	2.87	NaN	NaN	NaN	NaN	nan	NaN	NaN	63	1426	S73916
414	8.32	1.58	NaN	NaN	NaN	NaN	nan	NaN	NaN	44	1188	S73917
415	8.09	2.53	NaN	NaN	NaN	NaN	nan	NaN	NaN	64	1507	S73918
416	8.27	1.52	NaN	NaN	NaN	NaN	nan	NaN	NaN	43	1209	S73919
417	8.09	2.9	NaN	NaN	NaN	NaN	nan	NaN	NaN	72	1521	S73920
418	8.3	1.67	NaN	NaN	NaN	NaN	nan	NaN	NaN	49	1334	S73921
419	8.11	2.47	NaN	NaN	NaN	NaN	nan	NaN	NaN	63	1433	S73922
420	8.15	1.61	NaN	NaN	NaN	NaN	nan	NaN	NaN	37	1145	S73923
421	8.02	2.91	NaN	NaN	NaN	NaN	nan	NaN	NaN	58	1386	S73924
422	8.19	1.6	NaN	NaN	NaN	NaN	nan	NaN	NaN	39	1091	S73925
423	8.1	2.6	NaN	NaN	NaN	NaN	nan	NaN	NaN	62	1157	S73926
424	8.16	1.47	NaN	NaN	NaN	NaN	nan	NaN	NaN	42	1028	S73927
425	8.02	2.581	NaN	NaN	NaN	NaN	nan	NaN	NaN	NaN	1036.39	S77009
426	8.31	1.559	NaN	NaN	NaN	NaN	nan	NaN	NaN	NaN	759.73	S77010
427	8.44	2.65	NaN	NaN	NaN	NaN	nan	NaN	NaN	NaN	747.2	S77011
428	8.56	1.629	NaN	NaN	NaN	NaN	nan	NaN	NaN	NaN	633.38	S77012
429	8.12	2.409	NaN	NaN	NaN	NaN	nan	NaN	NaN	NaN	886.41	S77013
430	8.42	1.529	NaN	NaN	NaN	NaN	nan	NaN	NaN	NaN	636.52	S77014
431	8.37	1.814	NaN	NaN	NaN	NaN	nan	NaN	NaN	NaN	809.09	S77015
432	8.97	1.468	NaN	NaN	NaN	NaN	nan	NaN	NaN	NaN	843.19	S77016
433	8.38	2.105	NaN	NaN	NaN	NaN	nan	NaN	NaN	NaN	697.24	S77017
434	8.36	1.755	NaN	NaN	NaN	NaN	nan	NaN	NaN	NaN	619.3	S77018
435	8.24	2.348	NaN	NaN	NaN	NaN	nan	NaN	NaN	NaN	641.79	S77019
436	8.32	1.397	NaN	NaN	NaN	NaN	nan	NaN	NaN	NaN	426.58	S77020
437	9.37	1.686	NaN	NaN	NaN	NaN	nan	NaN	NaN	NaN	640.27	S77021
438	8.47	1.453	NaN	NaN	NaN	NaN	nan	NaN	NaN	NaN	458.74	S77022
439	8.11	2.853	NaN	NaN	NaN	NaN	nan	NaN	NaN	NaN	1513.46	S77023
440	8.47	1.754	NaN	NaN	NaN	NaN	nan	NaN	NaN	NaN	1168.51	S77024
441	8.18	3	NaN	NaN	NaN	NaN	nan	NaN	NaN	NaN	1218.24	S77025
442	8.44	1.803	NaN	NaN	NaN	NaN	nan	NaN	NaN	NaN	1013.1	S77026
443	8.01	3.115	NaN	NaN	NaN	NaN	nan	NaN	NaN	NaN	1082.29	S77027
444	8.3	1.679	NaN	NaN	NaN	NaN	nan	NaN	NaN	NaN	766.25	S77028
445	8.22	3.63	NaN	NaN	NaN	NaN	nan	NaN	NaN	NaN	1362.51	S77029
446	8.63	1.727	NaN	NaN	NaN	NaN	nan	NaN	NaN	NaN	1076.79	S77030
447	8.55	1.855	NaN	NaN	NaN	NaN	nan	NaN	NaN	NaN	536.81	S77031
448	8.18	2.002	NaN	NaN	NaN	NaN	nan	NaN	NaN	NaN	453.59	S77032
449	8.36	3.073	NaN	NaN	NaN	NaN	nan	NaN	NaN	NaN	1089.44	S77033
450	8.72	2.09	NaN	NaN	NaN	NaN	nan	NaN	NaN	NaN	912.09	S77034
451	8.71	1.906	NaN	NaN	NaN	NaN	nan	NaN	NaN	NaN	324.6	S77035
452	8.26	1.868	NaN	NaN	NaN	NaN	nan	NaN	NaN	NaN	173.22	S77036
453	8.23	3.634	NaN	NaN	NaN	NaN	nan	NaN	NaN	NaN	1082.12	S77037
454	8.41	2.004	NaN	NaN	NaN	NaN	nan	NaN	NaN	NaN	845.67	S77038
455	8.52	2.282	NaN	NaN	NaN	NaN	nan	NaN	NaN	NaN	737.14	S77039
456	8.69	1.113	NaN	NaN	NaN	NaN	nan	NaN	NaN	NaN	481.85	S77040
457	8.22	2.659	NaN	NaN	NaN	NaN	nan	NaN	NaN	NaN	1293.01	S77041
458	8.54	1.671	NaN	NaN	NaN	NaN	nan	NaN	NaN	NaN	1007.67	S77042
459	8.46	2.23	NaN	NaN	NaN	NaN	nan	NaN	NaN	NaN	680.96	S77043
460	8.45	1.762	NaN	NaN	NaN	NaN	nan	NaN	NaN	NaN	611.79	S77044
461	8.91	1.151	NaN	NaN	NaN	NaN	nan	NaN	NaN	NaN	182.17	S77045
462	8.58	0.808	NaN	NaN	NaN	NaN	nan	NaN	NaN	NaN	215.64	S77046
463	8.13	1.774	NaN	NaN	NaN	NaN	nan	NaN	NaN	NaN	1021.12	S77047
464	8.45	1.566	NaN	NaN	NaN	NaN	nan	NaN	NaN	NaN	825.48	S77048
465	8.2	3.069	NaN	NaN	NaN	NaN	nan	NaN	NaN	NaN	1107.22	S77049
466	8.42	1.607	NaN	NaN	NaN	NaN	nan	NaN	NaN	NaN	788.46	S77050
467	8.44	2.904	NaN	NaN	NaN	NaN	nan	NaN	NaN	NaN	1418.12	S77051
468	8.52	1.792	NaN	NaN	NaN	NaN	nan	NaN	NaN	NaN	1091.32	S77052
469	8.24	2.897	NaN	NaN	NaN	NaN	nan	NaN	NaN	NaN	1391.95	S77053
470	8.51	1.553	NaN	NaN	NaN	NaN	nan	NaN	NaN	NaN	1031.12	S77054
471	8.4	2.74	NaN	NaN	NaN	NaN	nan	NaN	NaN	NaN	1347.76	S77055
472	8.61	1.522	NaN	NaN	NaN	NaN	nan	NaN	NaN	NaN	1145.15	S77056
473	8.16	3.081	NaN	NaN	NaN	NaN	nan	NaN	NaN	NaN	1057.26	S77057
474	8.34	1.752	NaN	NaN	NaN	NaN	nan	NaN	NaN	NaN	872.64	S77058
475	8.41	2.254	NaN	NaN	NaN	NaN	nan	NaN	NaN	NaN	1200.06	S77059
476	8.22	1.368	NaN	NaN	NaN	NaN	nan	NaN	NaN	NaN	880.34	S77060
477	8.16	2.763	NaN	NaN	NaN	NaN	nan	NaN	NaN	NaN	1234.78	S77061
478	8.28	1.58	NaN	NaN	NaN	NaN	nan	NaN	NaN	NaN	957.7	S77062
479	8.09	2.732	NaN	NaN	NaN	NaN	nan	NaN	NaN	NaN	1251.63	S77063
480	8.37	1.521	NaN	NaN	NaN	NaN	nan	NaN	NaN	NaN	1149.5	S77064
481	8.08	2.093	NaN	NaN	NaN	NaN	nan	NaN	NaN	NaN	1032.14	S77065
482	8.06	1.666	NaN	NaN	NaN	NaN	nan	NaN	NaN	NaN	942.98	S77066
483	7.82	3.394	NaN	NaN	NaN	NaN	nan	NaN	NaN	NaN	1000.52	S77067
484	8.21	1.459	NaN	NaN	NaN	NaN	nan	NaN	NaN	NaN	1026.41	S77068
485	8.21	2.116	NaN	NaN	NaN	NaN	nan	NaN	NaN	NaN	653.72	S77069
486	8.07	1.644	NaN	NaN	NaN	NaN	nan	NaN	NaN	NaN	599.63	S77070
487	8.36	1.711	NaN	NaN	NaN	NaN	nan	NaN	NaN	NaN	665.78	S77071
488	8.32	1.308	NaN	NaN	NaN	NaN	nan	NaN	NaN	NaN	523.21	S77072
489	8.01	2.263	NaN	NaN	NaN	NaN	nan	NaN	NaN	NaN	1349.83	S77073
490	8.54	1.472	NaN	NaN	NaN	NaN	nan	NaN	NaN	NaN	1346.94	S77074
491	8.06	3.023	NaN	NaN	NaN	NaN	nan	NaN	NaN	NaN	1429.18	S77075
492	8.39	1.506	NaN	NaN	NaN	NaN	nan	NaN	NaN	NaN	1288.01	S77076
493	8.01	2.726	NaN	NaN	NaN	NaN	nan	NaN	NaN	NaN	520.39	S77077
494	8.47	1.026	NaN	NaN	NaN	NaN	nan	NaN	NaN	NaN	250.27	S77078
495	8.11	2.62	NaN	NaN	NaN	NaN	nan	NaN	NaN	NaN	1097.33	S77079
496	8.31	1.578	NaN	NaN	NaN	NaN	nan	NaN	NaN	NaN	806.28	S77080
497	8.36	2.015	NaN	NaN	NaN	NaN	nan	NaN	NaN	NaN	533.24	S77081
498	8.42	1.356	NaN	NaN	NaN	NaN	nan	NaN	NaN	NaN	422.81	S77082
499	8.07	2.739	NaN	NaN	NaN	NaN	nan	NaN	NaN	NaN	600.92	S77083
500	8.39	1.674	NaN	NaN	NaN	NaN	nan	NaN	NaN	NaN	707.66	S77084
501	8.31	2.041	NaN	NaN	NaN	NaN	nan	NaN	NaN	NaN	1384.25	S77085
502	8.52	1.293	NaN	NaN	NaN	NaN	nan	NaN	NaN	NaN	1195.02	S77086
503	8.1	3.791	NaN	NaN	NaN	NaN	nan	NaN	NaN	NaN	1057.09	S77087
504	8.31	1.481	NaN	NaN	NaN	NaN	nan	NaN	NaN	NaN	818.69	S77088
505	8.09	3.176	NaN	NaN	NaN	NaN	nan	NaN	NaN	NaN	1322.88	S77089
506	8.34	1.586	NaN	NaN	NaN	NaN	nan	NaN	NaN	NaN	987.23	S77090
507	7.92	3.998	NaN	NaN	NaN	NaN	nan	NaN	NaN	NaN	1394.58	S77091
508	8.35	1.487	NaN	NaN	NaN	NaN	nan	NaN	NaN	NaN	924	S77092
509	8.09	3.526	NaN	NaN	NaN	NaN	nan	NaN	NaN	NaN	1549.25	S77093
510	8.42	1.42	NaN	NaN	NaN	NaN	nan	NaN	NaN	NaN	1091.75	S77094
511	8.44	1.183	NaN	NaN	NaN	NaN	nan	NaN	NaN	NaN	1019.21	S77095
512	8.34	2.588	NaN	NaN	NaN	NaN	nan	NaN	NaN	NaN	1075.8	S77096
513	8.25	3.465	NaN	NaN	NaN	NaN	nan	NaN	NaN	NaN	1551.86	S77097
514	8.48	1.424	NaN	NaN	NaN	NaN	nan	NaN	NaN	NaN	1223.68	S77098
515	8.44	1.095	NaN	NaN	NaN	NaN	nan	NaN	NaN	NaN	1484.38	S77099
516	8.31	0.838	NaN	NaN	NaN	NaN	nan	NaN	NaN	NaN	1335.46	S77100
517	8.01	3.502	NaN	NaN	NaN	NaN	nan	NaN	NaN	NaN	384.63	S77101
518	8.39	1.429	NaN	NaN	NaN	NaN	nan	NaN	NaN	NaN	549.08	S77102
519	8.1	3.547	NaN	NaN	NaN	NaN	nan	NaN	NaN	NaN	514.67	S77103
520	8.44	1.789	NaN	NaN	NaN	NaN	nan	NaN	NaN	NaN	1602.27	S77104
521	8.18	2.541	NaN	NaN	NaN	NaN	nan	NaN	NaN	NaN	1206.7	S77105
522	8.52	1.321	NaN	NaN	NaN	NaN	nan	NaN	NaN	NaN	1620.92	S77106
523	8.14	1.842	NaN	NaN	NaN	NaN	nan	NaN	NaN	NaN	1245.83	S77107
524	8.23	1.903	NaN	NaN	NaN	NaN	nan	NaN	NaN	NaN	370.37	S77108
\.


--
-- Data for Name: visualisation_soilsample; Type: TABLE DATA; Schema: public; Owner: postgres
--

COPY public.visualisation_soilsample ("Code_labo", localisation, "Depth", "Date_collect", "Date_edition") FROM stdin;
S55239	0101000020E61000001990BDDEFD711EC0A857CA32C4114040	P1 surface	\N	2022-10-26
S55240	0101000020E61000001990BDDEFD711EC0A857CA32C4114040	P1 profondeur	\N	2022-10-26
S55241	0101000020E6100000DD41EC4CA1731EC044FAEDEBC0114040	P2 surface	\N	2022-10-26
S55242	0101000020E6100000DD41EC4CA1731EC044FAEDEBC0114040	P2 profondeur	\N	2022-10-26
S55243	0101000020E61000008D5DA27A6B801EC09C33A2B437104040	P3 surface	\N	2022-10-26
S55244	0101000020E61000008D5DA27A6B801EC09C33A2B437104040	P3 profondeur	\N	2022-10-26
S55245	0101000020E61000006EC0E78711821EC055C1A8A44E104040	P4 surface	\N	2022-10-26
S55246	0101000020E61000006EC0E78711821EC055C1A8A44E104040	P4 profondeur	\N	2022-10-26
S55247	0101000020E6100000C4EBFA05BB811EC02AA913D044104040	P5 surface -Sel-	\N	2022-10-26
S55248	0101000020E6100000C4EBFA05BB811EC02AA913D044104040	P5 profondeur -Sel-	\N	2022-10-26
S55249	0101000020E61000009B1BD31396B81EC0C442AD69DE094040	P6 surface	\N	2022-10-26
S55250	0101000020E61000009B1BD31396B81EC0C442AD69DE094040	P6 profondeur	\N	2022-10-26
S55251	0101000020E61000000135B56CADCF1EC00DE02D90A0084040	P7 surface	\N	2022-10-26
S55252	0101000020E61000000135B56CADCF1EC00DE02D90A0084040	P7 profondeur	\N	2022-10-26
S55253	0101000020E6100000AAF1D24D62D01EC0E3C798BB96084040	P8 surface	\N	2022-10-26
S55254	0101000020E6100000AAF1D24D62D01EC0E3C798BB96084040	P8 profondeur	\N	2022-10-26
S55255	0101000020E61000009161156F64DE1EC0DE718A8EE40A4040	P9 surface	\N	2022-10-26
S55256	0101000020E61000009161156F64DE1EC0DE718A8EE40A4040	P9 profondeur	\N	2022-10-26
S55257	0101000020E610000014ED2AA4FCE41EC0143FC6DCB50C4040	P11 surface	\N	2022-10-26
S55258	0101000020E610000014ED2AA4FCE41EC0143FC6DCB50C4040	P11 profondeur	\N	2022-10-26
S55259	0101000020E6100000B875374F75E81EC0ADFA5C6DC50E4040	P12 surface	\N	2022-10-26
S55260	0101000020E6100000B875374F75E81EC0ADFA5C6DC50E4040	P12 profondeur	\N	2022-10-26
S55261	0101000020E6100000EDD3F19881EA1EC08195438B6C0F4040	P13 surface	\N	2022-10-26
S55262	0101000020E6100000984C158C4AEA1EC0C7293A92CB0F4040	P14 surface	\N	2022-10-26
S55263	0101000020E6100000984C158C4AEA1EC0C7293A92CB0F4040	P14 profondeur	\N	2022-10-26
S56859	0101000020E610000092EA3BBF28F11EC013622EA9DA124040	P1-S	\N	2022-11-25
S56861	0101000020E610000032E5435035EA1EC067B96C74CE0F4040	P2-S	\N	2022-11-25
S56863	0101000020E610000004C8D0B183EA1EC01D386744690F4040	P3-S	\N	2022-11-25
S56865	0101000020E610000034A1496249E91EC0580394861A0F4040	P4-S	\N	2022-11-25
S56867	0101000020E6100000A22AA6D24FE81EC0B5705985CD0E4040	P5-S	\N	2022-11-25
S56869	0101000020E610000051137D3ECAE81EC0BF2CEDD45C0E4040	P6-S	\N	2022-11-25
S56871	0101000020E610000051137D3ECAE81EC0BF2CEDD45C0E4040	P6-SET	\N	2022-11-25
S56873	0101000020E61000009F0436E7E0E91EC06C938AC6DA0D4040	P7-S	\N	2022-11-25
S56875	0101000020E61000009F0436E7E0E91EC06C938AC6DA0D4040	P7-SET	\N	2022-11-25
S56877	0101000020E6100000DC9DB5DB2EE41EC07F501729940D4040	P8-S	\N	2022-11-25
S56879	0101000020E6100000DC9DB5DB2EE41EC07F501729940D4040	P8-SET	\N	2022-11-25
S56881	0101000020E61000000B444FCAA4E61EC0F9D7F2CAF50C4040	P9-S	\N	2022-11-25
S56883	0101000020E61000000B444FCAA4E61EC0F9D7F2CAF50C4040	P9-SET	\N	2022-11-25
S56885	0101000020E61000005B7B9FAA42E31EC003B2D7BB3F0C4040	P10-S	\N	2022-11-25
S56887	0101000020E61000005B7B9FAA42E31EC003B2D7BB3F0C4040	P10-SET	\N	2022-11-25
S56889	0101000020E610000016FBCBEEC9E31EC06534F279C50B4040	P11-S	\N	2022-11-25
S56891	0101000020E6100000522CB7B41AE21EC03D9B559FAB0B4040	P12-S	\N	2022-11-25
S56893	0101000020E61000000E6B2A8BC2DE1EC0D82D02637D0B4040	P13-S	\N	2022-11-25
S56895	0101000020E610000061DD787764DC1EC0B5DD04DF340B4040	P14-S	\N	2022-11-25
S56897	0101000020E61000007978CF81E5D81EC03F1C2444F90A4040	P15-S	\N	2022-11-25
S56901	0101000020E6100000BDE2A9471ADC1EC0965F0663440A4040	P17-S	\N	2022-11-25
S56903	0101000020E6100000800BB265F9DA1EC073D9E89C9F0A4040	P18-S	\N	2022-11-25
S56905	0101000020E6100000990E9D9E77E31EC021CA17B4900A4040	P19-S	\N	2022-11-25
S56907	0101000020E61000008063CF9ECBE41EC0BA85AE44A00A4040	P20-S	\N	2022-11-25
S56909	0101000020E610000077BF0AF0DDE61EC094313ECC5E0A4040	P21-S	\N	2022-11-25
S56911	0101000020E6100000B7EBA52902FC1EC01B2FDD24060D4040	P22-S	\N	2022-11-25
S57083	0101000020E610000084BC1E4C8ADF1EC0EDD632198E114040	S1 surface 	\N	2022-11-17
S57085	0101000020E61000009C340D8AE6D11EC08AC745B588104040	S2 surface 	\N	2022-11-17
S57087	0101000020E61000001AE1ED4108E81EC0A14CA3C9C50E4040	S3 surface 	\N	2022-11-17
S57089	0101000020E6100000410E4A98693B1FC04FE5B4A7E4044040	S4 surface 	\N	2022-11-17
S57091	0101000020E61000002A1C412AC52E1FC02331410DDF044040	S5 surface 	\N	2022-11-17
S57093	0101000020E610000007B13385CE3B1FC0AF7AC03C64044040	S6 surface 	\N	2022-11-17
S57095	0101000020E610000007B13385CE3B1FC0AF7AC03C64044040	S7 surface 	\N	2022-11-17
S73824	0101000020E61000001676905804C91FC003859D09DD094040	S1	2022-11-30	2024-01-24
S73825	0101000020E610000046604945A5991FC0BB9E4374E3084040	S2	2022-11-30	2024-01-24
S73826	0101000020E610000046604945A5991FC0BB9E4374E3084040	S3	2022-11-30	2024-01-24
S73827	0101000020E610000000F4D8EFB95C1FC096F7BA0A3E0A4040	S4	2022-11-30	2024-01-24
S73828	0101000020E61000001EE20DD338441FC0EDD5E3988E084040	S5	2022-11-30	2024-01-24
S73829	0101000020E61000003BE8D5AAA4321FC0E6C47792CF064040	S6	2022-11-30	2024-01-24
S73830	0101000020E61000004B36B940CB321FC0061B4B16FF064040	S7	2022-11-30	2024-01-24
S73831	0101000020E610000066D80224952F1FC05C601F3517074040	S8	2022-11-30	2024-01-24
S73832	0101000020E61000005D68C56FBE4C1FC0BFFFB7DBB3094040	S9	2022-11-30	2024-01-24
S73833	0101000020E61000005D68C56FBE4C1FC0BFFFB7DBB3094040	S10	2022-11-30	2024-01-24
S73834	0101000020E61000005D68C56FBE4C1FC0BFFFB7DBB3094040	S11	2022-11-30	2024-01-24
S73835	0101000020E6100000011A26CC14BA1FC02874EA0C04004040	S12	2022-12-01	2024-01-24
S73836	0101000020E6100000AEF7D9D0E6AB1FC0592DE3B869FB3F40	S13	2022-12-01	2024-01-24
S73837	0101000020E6100000BA11C014B8AB1FC0B183A3140FFF3F40	S14	2022-12-01	2024-01-24
S73838	0101000020E61000002A58E36C3AA21FC03ACFD8976CF03F40	S15	2022-12-01	2024-01-24
S73839	0101000020E6100000B51B7DCC07541FC002D369DD06FD3F40	S16	2022-12-01	2024-01-24
S73840	0101000020E6100000BEC0AC50A42B1FC0310917F208024040	S17	2022-12-01	2024-01-24
S73841	0101000020E61000008F1CE90C8CCC1EC0FB3A70CE88084040	S18	2022-12-01	2024-01-24
S73842	0101000020E610000030F5F3A622651EC0F38DE89E75154040	S19	2022-12-03	2024-01-24
S73843	0101000020E610000015AA9B8BBF7D1EC0BA85AE44A0164040	S20	2022-12-03	2024-01-24
S73844	0101000020E61000004A5E9D6340961EC0E10B93A982174040	S21	2022-12-03	2024-01-24
S73845	0101000020E6100000486C770FD08D1EC06C3EAE0D15154040	S22	2022-12-03	2024-01-24
S73846	0101000020E6100000A915A6EF35241EC04ED53DB2B9104040	S23	2022-12-03	2024-01-24
S73847	0101000020E610000067F2CD3637161EC0B0E2546B61124040	S24	2022-12-03	2024-01-24
S73848	0101000020E6100000274C18CDCA361EC0630CACE3F80F4040	S25	2022-12-03	2024-01-24
S73849	0101000020E6100000999D45EF54901EC0632B685A620F4040	S26	2022-12-03	2024-01-24
S73850	0101000020E610000012BF620D17D91EC058E36C3A02084040	S27	2022-12-03	2024-01-24
S73851	0101000020E61000007EE36BCF2C891FC045DAC69FA8FC3F40	S28	2022-12-03	2024-01-24
S73852	0101000020E6100000C9F3800615821EC05FA3D2754E104040	S1-S	2023-09-13	2024-01-24
S73853	0101000020E6100000C9F3800615821EC05FA3D2754E104040	S1-P	2023-09-13	2024-01-24
S73854	0101000020E610000088A9CBED0F821EC03D87624851104040	S2-S	2023-09-13	2024-01-24
S73855	0101000020E610000088A9CBED0F821EC03D87624851104040	S2-P	2023-09-13	2024-01-24
S73856	0101000020E610000084661837AD821EC048CD87BD53104040	S3-S	2023-09-13	2024-01-24
S73857	0101000020E610000084661837AD821EC048CD87BD53104040	S3-P	2023-09-13	2024-01-24
S73858	0101000020E61000000362DB6B0A831EC0B81E85EB51104040	S4-S	2023-09-13	2024-01-24
S73859	0101000020E61000000362DB6B0A831EC0B81E85EB51104040	S4-P	2023-09-13	2024-01-24
S73860	0101000020E610000086EDC5DBFB821EC0BA5716A246104040	S5-S	2023-09-13	2024-01-24
S73861	0101000020E610000086EDC5DBFB821EC0BA5716A246104040	S5-P	2023-09-13	2024-01-24
S73862	0101000020E610000083604491A4801EC04D609C345C104040	S6-S	2023-09-13	2024-01-24
S73863	0101000020E610000083604491A4801EC04D609C345C104040	S6-P	2023-09-13	2024-01-24
S73864	0101000020E6100000A61C0818BFF11EC0100F250BB60A4040	S7-S	2023-09-13	2024-01-24
S73865	0101000020E6100000A61C0818BFF11EC0100F250BB60A4040	S7-P	2023-09-13	2024-01-24
S73866	0101000020E6100000B9E985F189F11EC0E00865F4B60A4040	S8-S	2023-09-13	2024-01-24
S73867	0101000020E6100000B9E985F189F11EC0E00865F4B60A4040	S8-P	2023-09-13	2024-01-24
S73868	0101000020E6100000163166B20CF11EC0C66D3480B70A4040	S9-S	2023-09-13	2024-01-24
S73869	0101000020E6100000163166B20CF11EC0C66D3480B70A4040	S9-P	2023-09-13	2024-01-24
S73870	0101000020E610000045D9AA8639F01EC06AA05B24BC0A4040	S10-S	2023-09-13	2024-01-24
S73871	0101000020E610000045D9AA8639F01EC06AA05B24BC0A4040	S10-P	2023-09-13	2024-01-24
S73872	0101000020E6100000485962C7BBF21EC0AFA22361AE0A4040	S11-S	2023-09-13	2024-01-24
S73873	0101000020E6100000485962C7BBF21EC0AFA22361AE0A4040	S11-P	2023-09-13	2024-01-24
S73874	0101000020E6100000485962C7BBF21EC0F498D66AC30A4040	S12-S	2023-09-13	2024-01-24
S73875	0101000020E6100000485962C7BBF21EC0F498D66AC30A4040	S12-P	2023-09-13	2024-01-24
S73876	0101000020E6100000641BC074BD811EC0AF5A99F04B104040	S1-S	2023-10-21	2024-01-24
S73877	0101000020E6100000641BC074BD811EC0AF5A99F04B104040	S1-P	2023-10-21	2024-01-24
S73878	0101000020E6100000F10C5C16FA811EC031B521D64D104040	S2-S	2023-10-21	2024-01-24
S73879	0101000020E6100000F10C5C16FA811EC031B521D64D104040	S2-P	2023-10-21	2024-01-24
S73880	0101000020E61000002EB5181B3E821EC0F94B49DE52104040	S3-S	2023-10-21	2024-01-24
S73881	0101000020E61000002EB5181B3E821EC0F94B49DE52104040	S3-P	2023-10-21	2024-01-24
S73882	0101000020E6100000366BF82F73821EC0F19EA0A056104040	S4-S	2023-10-21	2024-01-24
S73883	0101000020E6100000366BF82F73821EC0F19EA0A056104040	S4-P	2023-10-21	2024-01-24
S73884	0101000020E610000003786E4EE3821EC0499D802642104040	S5-S	2023-10-21	2024-01-24
S73885	0101000020E610000003786E4EE3821EC0499D802642104040	S5-P	2023-10-21	2024-01-24
S73886	0101000020E610000015C915E656831EC01C63C49149104040	S6-S	2023-10-21	2024-01-24
S73887	0101000020E610000015C915E656831EC01C63C49149104040	S6-P	2023-10-21	2024-01-24
S73888	0101000020E6100000FC46E825CE831EC0E3ABFCB650104040	S7-S	2023-10-21	2024-01-24
S73889	0101000020E6100000FC46E825CE831EC0E3ABFCB650104040	S7-P	2023-10-21	2024-01-24
S73890	0101000020E6100000B3E821435C831EC0C12BD54758104040	S8-S	2023-10-21	2024-01-24
S73891	0101000020E6100000B3E821435C831EC0C12BD54758104040	S8-P	2023-10-21	2024-01-24
S73892	0101000020E61000007EC4F17495831EC097EDD8426F104040	S9-S	2023-10-21	2024-01-24
S73893	0101000020E61000007EC4F17495831EC097EDD8426F104040	S9-P	2023-10-21	2024-01-24
S73894	0101000020E6100000B08651314A831EC0EE78D5FB74104040	S10-S	2023-10-21	2024-01-24
S73895	0101000020E6100000B08651314A831EC0EE78D5FB74104040	S10-P	2023-10-21	2024-01-24
S73896	0101000020E610000011001C7BF60C1FC01F9DBAF2590A4040	S1-S	2023-12-15	2024-01-24
S73897	0101000020E610000011001C7BF60C1FC01F9DBAF2590A4040	S1-P	2023-12-15	2024-01-24
S73898	0101000020E61000005B5F24B4E50C1FC07862D68BA10A4040	S2-S	2023-12-15	2024-01-24
S73899	0101000020E61000005B5F24B4E50C1FC07862D68BA10A4040	S2-P	2023-12-15	2024-01-24
S73900	0101000020E61000000E7781D41E0D1FC0221ADD41EC0A4040	S3-S	2023-12-15	2024-01-24
S73901	0101000020E61000000E7781D41E0D1FC0221ADD41EC0A4040	S3-P	2023-12-15	2024-01-24
S73902	0101000020E6100000C13A8E1F2A0D1FC0BA66F2CD360B4040	S4-S	2023-12-15	2024-01-24
S73903	0101000020E6100000C13A8E1F2A0D1FC0BA66F2CD360B4040	S4-P	2023-12-15	2024-01-24
S73904	0101000020E6100000598B4F01300E1FC073BA2C26360B4040	S5-S	2023-12-15	2024-01-24
S73905	0101000020E6100000598B4F01300E1FC073BA2C26360B4040	S5-P	2023-12-15	2024-01-24
S73906	0101000020E61000004D2EC6C03A0E1FC083A44FABE80A4040	S6-S	2023-12-15	2024-01-24
S73907	0101000020E61000004D2EC6C03A0E1FC083A44FABE80A4040	S6-P	2023-12-15	2024-01-24
S73908	0101000020E61000007E7214200A0E1FC03B5F3F06A30A4040	S7-S	2023-12-15	2024-01-24
S73909	0101000020E61000007E7214200A0E1FC03B5F3F06A30A4040	S7-P	2023-12-15	2024-01-24
S73910	0101000020E6100000F2E9B12D030E1FC087FE092E560A4040	S8-S	2023-12-15	2024-01-24
S73911	0101000020E6100000F2E9B12D030E1FC087FE092E560A4040	S8-P	2023-12-15	2024-01-24
S73912	0101000020E6100000E4B44C2B2A0F1FC0D1CB28965B0A4040	S9-S	2023-12-15	2024-01-24
S73913	0101000020E6100000E4B44C2B2A0F1FC0D1CB28965B0A4040	S9-P	2023-12-15	2024-01-24
S73914	0101000020E6100000906B43C5380F1FC091F2936A9F0A4040	S10-S	2023-12-15	2024-01-24
S73915	0101000020E6100000906B43C5380F1FC091F2936A9F0A4040	S10-P	2023-12-15	2024-01-24
S73916	0101000020E61000000ECAEA0C420F1FC0711FB935E90A4040	S11-S	2023-12-15	2024-01-24
S73917	0101000020E61000000ECAEA0C420F1FC0711FB935E90A4040	S11-P	2023-12-15	2024-01-24
S73918	0101000020E6100000D95BCAF9620F1FC09D716DEA340B4040	S12-S	2023-12-15	2024-01-24
S73919	0101000020E6100000D95BCAF9620F1FC09D716DEA340B4040	S12-P	2023-12-15	2024-01-24
S73920	0101000020E6100000574B536762101FC014B2F336360B4040	S13-S	2023-12-15	2024-01-24
S73921	0101000020E6100000574B536762101FC014B2F336360B4040	S13-P	2023-12-15	2024-01-24
S73922	0101000020E610000002E5633565101FC02F4D11E0F40A4040	S14-S	2023-12-15	2024-01-24
S73923	0101000020E610000002E5633565101FC02F4D11E0F40A4040	S14-P	2023-12-15	2024-01-24
S73924	0101000020E61000001C7C613255101FC0C1AA7AF99D0A4040	S15-S	2023-12-15	2024-01-24
S73925	0101000020E61000001C7C613255101FC0C1AA7AF99D0A4040	S15-P	2023-12-15	2024-01-24
S73926	0101000020E6100000771211FE45101FC033DFC14F5C0A4040	S16-S	2023-12-15	2024-01-24
S73927	0101000020E6100000771211FE45101FC033DFC14F5C0A4040	S16-P	2023-12-15	2023-12-29
S77009	0101000020E6100000000000000000F87F000000000000F87F	nan	2024-05-17	2024-07-02
S77010	0101000020E6100000000000000000F87F000000000000F87F	nan	2024-05-17	2024-07-02
S77011	0101000020E6100000000000000000F87F000000000000F87F	nan	2024-05-17	2024-07-02
S77012	0101000020E6100000000000000000F87F000000000000F87F	nan	2024-05-17	2024-07-02
S77013	0101000020E6100000000000000000F87F000000000000F87F	nan	2024-05-17	2024-07-02
S77014	0101000020E6100000000000000000F87F000000000000F87F	nan	2024-05-17	2024-07-02
S77015	0101000020E6100000000000000000F87F000000000000F87F	nan	2024-05-17	2024-07-02
S77016	0101000020E6100000000000000000F87F000000000000F87F	nan	2024-05-17	2024-07-02
S77017	0101000020E6100000000000000000F87F000000000000F87F	nan	2024-05-17	2024-07-02
S77018	0101000020E6100000000000000000F87F000000000000F87F	nan	2024-05-17	2024-07-02
S77019	0101000020E6100000000000000000F87F000000000000F87F	nan	2024-05-17	2024-07-02
S77020	0101000020E6100000000000000000F87F000000000000F87F	nan	2024-05-17	2024-07-02
S77021	0101000020E6100000000000000000F87F000000000000F87F	nan	2024-05-17	2024-07-02
S77022	0101000020E6100000000000000000F87F000000000000F87F	nan	2024-05-17	2024-07-02
S77023	0101000020E6100000000000000000F87F000000000000F87F	nan	2024-05-17	2024-07-02
S77024	0101000020E6100000000000000000F87F000000000000F87F	nan	2024-05-17	2024-07-02
S77025	0101000020E6100000000000000000F87F000000000000F87F	nan	2024-05-17	2024-07-02
S77026	0101000020E6100000000000000000F87F000000000000F87F	nan	2024-05-17	2024-07-02
S77027	0101000020E6100000000000000000F87F000000000000F87F	nan	2024-05-17	2024-07-02
S77028	0101000020E6100000000000000000F87F000000000000F87F	nan	2024-05-17	2024-07-02
S77029	0101000020E6100000000000000000F87F000000000000F87F	nan	2024-05-17	2024-07-02
S77030	0101000020E6100000000000000000F87F000000000000F87F	nan	2024-05-17	2024-07-02
S77031	0101000020E6100000000000000000F87F000000000000F87F	nan	2024-05-17	2024-07-02
S77032	0101000020E6100000000000000000F87F000000000000F87F	nan	2024-05-17	2024-07-02
S77033	0101000020E6100000000000000000F87F000000000000F87F	nan	2024-05-17	2024-07-02
S77034	0101000020E6100000000000000000F87F000000000000F87F	nan	2024-05-17	2024-07-02
S77035	0101000020E6100000000000000000F87F000000000000F87F	nan	2024-05-17	2024-07-02
S77036	0101000020E6100000000000000000F87F000000000000F87F	nan	2024-05-17	2024-07-02
S77037	0101000020E6100000000000000000F87F000000000000F87F	nan	2024-05-17	2024-07-02
S77038	0101000020E6100000000000000000F87F000000000000F87F	nan	2024-05-17	2024-07-02
S77039	0101000020E6100000000000000000F87F000000000000F87F	nan	2024-05-17	2024-07-02
S77040	0101000020E6100000000000000000F87F000000000000F87F	nan	2024-05-17	2024-07-02
S77041	0101000020E6100000000000000000F87F000000000000F87F	nan	2024-05-17	2024-07-02
S77042	0101000020E6100000000000000000F87F000000000000F87F	nan	2024-05-17	2024-07-02
S77043	0101000020E6100000000000000000F87F000000000000F87F	nan	2024-05-17	2024-07-02
S77044	0101000020E6100000000000000000F87F000000000000F87F	nan	2024-05-17	2024-07-02
S77045	0101000020E6100000000000000000F87F000000000000F87F	nan	2024-05-17	2024-07-02
S77046	0101000020E6100000000000000000F87F000000000000F87F	nan	2024-05-17	2024-07-02
S77047	0101000020E6100000000000000000F87F000000000000F87F	nan	2024-05-17	2024-07-02
S77048	0101000020E6100000000000000000F87F000000000000F87F	nan	2024-05-17	2024-07-02
S77049	0101000020E6100000000000000000F87F000000000000F87F	nan	2024-05-17	2024-07-02
S77050	0101000020E6100000000000000000F87F000000000000F87F	nan	2024-05-17	2024-07-02
S77051	0101000020E6100000000000000000F87F000000000000F87F	nan	2024-05-17	2024-07-02
S77052	0101000020E6100000000000000000F87F000000000000F87F	nan	2024-05-17	2024-07-02
S77053	0101000020E6100000000000000000F87F000000000000F87F	nan	2024-05-17	2024-07-02
S77054	0101000020E6100000000000000000F87F000000000000F87F	nan	2024-05-17	2024-07-02
S77055	0101000020E6100000000000000000F87F000000000000F87F	nan	2024-05-17	2024-07-02
S77056	0101000020E6100000000000000000F87F000000000000F87F	nan	2024-05-17	2024-07-02
S77057	0101000020E6100000000000000000F87F000000000000F87F	nan	2024-05-17	2024-07-02
S77058	0101000020E6100000000000000000F87F000000000000F87F	nan	2024-05-17	2024-07-02
S77059	0101000020E6100000000000000000F87F000000000000F87F	nan	2024-05-17	2024-07-02
S77060	0101000020E6100000000000000000F87F000000000000F87F	nan	2024-05-17	2024-07-02
S77061	0101000020E6100000000000000000F87F000000000000F87F	nan	2024-05-17	2024-07-02
S77062	0101000020E6100000000000000000F87F000000000000F87F	nan	2024-05-17	2024-07-02
S77063	0101000020E6100000000000000000F87F000000000000F87F	nan	2024-05-17	2024-07-02
S77064	0101000020E6100000000000000000F87F000000000000F87F	nan	2024-05-17	2024-07-02
S77065	0101000020E6100000000000000000F87F000000000000F87F	nan	2024-05-17	2024-07-02
S77066	0101000020E6100000000000000000F87F000000000000F87F	nan	2024-05-17	2024-07-02
S77067	0101000020E6100000000000000000F87F000000000000F87F	nan	2024-05-17	2024-07-02
S77068	0101000020E6100000000000000000F87F000000000000F87F	nan	2024-05-17	2024-07-02
S77069	0101000020E6100000000000000000F87F000000000000F87F	nan	2024-05-17	2024-07-02
S77070	0101000020E6100000000000000000F87F000000000000F87F	nan	2024-05-17	2024-07-02
S77071	0101000020E6100000000000000000F87F000000000000F87F	nan	2024-05-17	2024-07-02
S77072	0101000020E6100000000000000000F87F000000000000F87F	nan	2024-05-17	2024-07-02
S77073	0101000020E6100000000000000000F87F000000000000F87F	nan	2024-05-17	2024-07-02
S77074	0101000020E6100000000000000000F87F000000000000F87F	nan	2024-05-17	2024-07-02
S77075	0101000020E6100000000000000000F87F000000000000F87F	nan	2024-05-17	2024-07-02
S77076	0101000020E6100000000000000000F87F000000000000F87F	nan	2024-05-17	2024-07-02
S77077	0101000020E6100000000000000000F87F000000000000F87F	nan	2024-05-17	2024-07-02
S77078	0101000020E6100000000000000000F87F000000000000F87F	nan	2024-05-17	2024-07-02
S77079	0101000020E6100000000000000000F87F000000000000F87F	nan	2024-05-17	2024-07-02
S77080	0101000020E6100000000000000000F87F000000000000F87F	nan	2024-05-17	2024-07-02
S77081	0101000020E6100000000000000000F87F000000000000F87F	nan	2024-05-17	2024-07-02
S77082	0101000020E6100000000000000000F87F000000000000F87F	nan	2024-05-17	2024-07-02
S77083	0101000020E6100000000000000000F87F000000000000F87F	nan	2024-05-17	2024-07-02
S77084	0101000020E6100000000000000000F87F000000000000F87F	nan	2024-05-17	2024-07-02
S77085	0101000020E6100000000000000000F87F000000000000F87F	nan	2024-05-17	2024-07-02
S77086	0101000020E6100000000000000000F87F000000000000F87F	nan	2024-05-17	2024-07-02
S77087	0101000020E6100000000000000000F87F000000000000F87F	nan	2024-05-17	2024-07-02
S77088	0101000020E6100000000000000000F87F000000000000F87F	nan	2024-05-17	2024-07-02
S77089	0101000020E6100000000000000000F87F000000000000F87F	nan	2024-05-17	2024-07-02
S77090	0101000020E6100000000000000000F87F000000000000F87F	nan	2024-05-17	2024-07-02
S77091	0101000020E6100000000000000000F87F000000000000F87F	nan	2024-05-17	2024-07-02
S77092	0101000020E6100000000000000000F87F000000000000F87F	nan	2024-05-17	2024-07-02
S77093	0101000020E6100000000000000000F87F000000000000F87F	nan	2024-05-17	2024-07-02
S77094	0101000020E6100000000000000000F87F000000000000F87F	nan	2024-05-17	2024-07-02
S77095	0101000020E6100000000000000000F87F000000000000F87F	nan	2024-05-17	2024-07-02
S77096	0101000020E6100000000000000000F87F000000000000F87F	nan	2024-05-17	2024-07-02
S77097	0101000020E6100000000000000000F87F000000000000F87F	nan	2024-05-17	2024-07-02
S77098	0101000020E6100000000000000000F87F000000000000F87F	nan	2024-05-17	2024-07-02
S77099	0101000020E6100000000000000000F87F000000000000F87F	nan	2024-05-17	2024-07-02
S77100	0101000020E6100000000000000000F87F000000000000F87F	nan	2024-05-17	2024-07-02
S77101	0101000020E6100000000000000000F87F000000000000F87F	nan	2024-05-17	2024-07-02
S77102	0101000020E6100000000000000000F87F000000000000F87F	nan	2024-05-17	2024-07-02
S77103	0101000020E6100000000000000000F87F000000000000F87F	nan	2024-05-17	2024-07-02
S77104	0101000020E6100000000000000000F87F000000000000F87F	nan	2024-05-17	2024-07-02
S77105	0101000020E6100000000000000000F87F000000000000F87F	nan	2024-05-17	2024-07-02
S77106	0101000020E6100000000000000000F87F000000000000F87F	nan	2024-05-17	2024-07-02
S77107	0101000020E6100000000000000000F87F000000000000F87F	nan	2024-05-17	2024-07-02
S77108	0101000020E6100000000000000000F87F000000000000F87F	nan	2024-05-17	2024-07-02
\.


--
-- Data for Name: visualisation_soiltexture; Type: TABLE DATA; Schema: public; Owner: postgres
--

COPY public.visualisation_soiltexture (id, "Argile", "Lemon", "Sable", "Soil_texture_v4", "Code_labo_id") FROM stdin;
263	28	28	44	Clay Loam	S55239
264	34	26	40	Clay Loam	S55240
265	42	24	34	Clay	S55241
266	40	22	38	Clay Loam	S55242
267	26	32	42	Loam	S55243
268	26	34	40	Loam	S55244
269	26	24	50	Sandy Clay Loam	S55245
270	16	40	44	Loam	S55246
271	22	24	54	Sandy Clay Loam	S55247
272	24	16	60	Sandy Clay Loam	S55248
273	30	26	44	Clay Loam	S55249
274	32	24	44	Clay Loam	S55250
275	32	40	28	Clay Loam	S55251
276	50	32	18	Clay	S55252
277	42	38	20	Clay	S55253
278	50	30	20	Clay	S55254
279	10	50	40	Loam	S55255
280	10	52	38	Silt Loam	S55256
281	26	64	10	Silt Loam	S55257
282	46	34	20	Clay	S55258
283	50	30	20	Clay	S55259
284	60	20	20	Clay	S55260
285	20	16	64	Sandy Loam	S55261
286	16	40	44	Loam	S55262
287	16	40	44	Loam	S55263
288	26	24	50	Sandy Clay Loam	S56859
289	16	42	42	Loam	S56861
290	36	28	36	Clay Loam	S56863
291	52	30	18	Clay	S56865
292	60	28	12	Clay	S56867
293	64	22	14	Clay	S56869
294	64	28	8	Clay	S56871
295	60	26	14	Clay	S56873
296	72	14	14	Clay	S56875
297	64	28	8	Clay	S56877
298	66	24	10	Clay	S56879
299	66	28	6	Clay	S56881
300	66	30	4	Clay	S56883
301	56	34	10	Clay	S56885
302	20	74	6	Silt Loam	S56887
303	68	26	6	Clay	S56889
304	62	30	8	Clay	S56891
305	10	62	28	Silt Loam	S56893
306	10	58	32	Silt Loam	S56895
307	10	62	28	Silt Loam	S56897
308	46	40	14	Silty Clay	S56901
309	12	60	28	Silt Loam	S56903
310	12	44	44	Loam	S56905
311	12	54	34	Silt Loam	S56907
312	30	30	40	Clay Loam	S56909
313	12	80	8	Silt Loam	S56911
314	26	26	48	Sandy Clay Loam	S57083
315	50	36	14	Clay	S57085
316	62	30	8	Clay	S57087
317	26	34	40	Loam	S57089
318	26	40	34	Loam	S57091
319	18	30	52	Loam	S57093
320	28	28	44	Clay Loam	S57095
321	28	46	26	Clay Loam	S73824
322	24	36	40	Loam	S73825
323	14	44	42	Loam	S73826
324	20	34	46	Loam	S73827
325	20	44	36	Loam	S73828
326	30	32	38	Clay Loam	S73829
327	22	30	48	Loam	S73830
328	22	44	34	Loam	S73831
329	22	28	50	Loam	S73832
330	8	36	56	Sandy Loam	S73833
331	10	40	50	Loam	S73834
332	20	32	48	Loam	S73835
333	16	24	60	Sandy Loam	S73836
334	20	30	50	Loam	S73837
335	16	58	26	Silt Loam	S73838
336	22	42	36	Loam	S73839
337	34	44	22	Clay Loam	S73840
338	40	36	24	Clay Loam	S73841
339	24	40	36	Loam	S73842
340	34	38	28	Clay Loam	S73843
341	30	44	26	Clay Loam	S73844
342	24	46	30	Loam	S73845
343	20	32	48	Loam	S73846
344	34	40	26	Clay Loam	S73847
345	22	32	46	Loam	S73848
346	30	38	32	Clay Loam	S73849
347	30	30	40	Clay Loam	S73850
348	22	42	36	Loam	S73851
349	28	40	32	Clay Loam	S73852
350	30	44	26	Clay Loam	S73853
351	32	36	32	Clay Loam	S73854
352	32	28	40	Clay Loam	S73855
353	34	34	32	Clay Loam	S73856
354	30	32	38	Clay Loam	S73857
355	40	36	24	Clay Loam	S73858
356	38	32	30	Clay Loam	S73859
357	40	34	26	Clay Loam	S73860
358	36	34	30	Clay Loam	S73861
359	22	28	50	Loam	S73862
360	24	24	52	Sandy Clay Loam	S73863
361	38	42	20	Clay Loam	S73864
362	14	62	24	Silt Loam	S73865
363	26	54	20	Silt Loam	S73866
364	14	62	24	Silt Loam	S73867
365	24	56	20	Silt Loam	S73868
366	36	40	24	Clay Loam	S73869
367	12	68	20	Silt Loam	S73870
368	14	62	24	Silt Loam	S73871
369	36	44	20	Clay Loam	S73872
370	34	42	24	Clay Loam	S73873
371	18	46	36	Loam	S73874
372	14	50	36	Loam	S73875
373	22	22	56	Sandy Clay Loam	S73876
374	26	32	42	Loam	S73877
375	32	38	30	Clay Loam	S73878
376	10	60	30	Silt Loam	S73879
377	36	34	30	Clay Loam	S73880
378	34	32	34	Clay Loam	S73881
379	36	34	30	Clay Loam	S73882
380	30	30	40	Clay Loam	S73883
381	40	30	30	Clay Loam	S73884
382	10	64	26	Silt Loam	S73885
383	40	34	26	Clay Loam	S73886
384	30	44	26	Clay Loam	S73887
385	40	36	24	Clay Loam	S73888
386	44	38	18	Clay	S73889
387	44	38	18	Clay	S73890
388	20	64	16	Silt Loam	S73891
389	36	36	28	Clay Loam	S73892
390	40	40	20	Clay Loam	S73893
391	20	50	30	Loam	S73894
392	30	42	28	Clay Loam	S73895
393	20	76	4	Silt Loam	S73896
394	64	32	4	Clay	S73897
395	52	44	4	Silty Clay	S73898
396	62	32	6	Clay	S73899
397	30	68	2	Silty Clay Loam	S73900
398	64	28	8	Clay	S73901
399	58	36	6	Clay	S73902
400	60	34	6	Clay	S73903
401	22	72	6	Silt Loam	S73904
402	60	34	6	Clay	S73905
403	24	68	8	Silt Loam	S73906
404	60	34	6	Clay	S73907
405	32	58	10	Silty Clay Loam	S73908
406	64	30	6	Clay	S73909
407	22	74	4	Silt Loam	S73910
408	64	32	4	Clay	S73911
409	26	70	4	Silt Loam	S73912
410	66	30	4	Clay	S73913
411	22	72	6	Silt Loam	S73914
412	64	28	8	Clay	S73915
413	20	74	6	Silt Loam	S73916
414	66	28	6	Clay	S73917
415	40	56	4	Silty Clay Loam	S73918
416	60	34	6	Clay	S73919
417	60	36	4	Clay	S73920
418	62	32	6	Clay	S73921
419	62	34	4	Clay	S73922
420	64	30	6	Clay	S73923
421	32	62	6	Silty Clay Loam	S73924
422	62	34	4	Clay	S73925
423	60	36	4	Clay	S73926
424	62	34	4	Clay	S73927
425	58	38	4	nan	S77009
426	50	34	16	nan	S77010
427	56	40	4	nan	S77011
428	48	36	16	nan	S77012
429	44	40	16	nan	S77013
430	50	32	18	nan	S77014
431	46	32	22	nan	S77015
432	52	32	16	nan	S77016
433	38	34	28	nan	S77017
434	46	30	24	nan	S77018
435	40	42	18	nan	S77019
436	42	32	26	nan	S77020
437	28	52	20	nan	S77021
438	54	28	18	nan	S77022
439	20	78	2	nan	S77023
440	64	28	8	nan	S77024
441	48	40	12	nan	S77025
442	58	32	10	nan	S77026
443	28	68	4	nan	S77027
444	56	36	8	nan	S77028
445	52	44	4	nan	S77029
446	60	28	12	nan	S77030
447	24	50	26	nan	S77031
448	32	40	28	nan	S77032
449	52	48	0	nan	S77033
450	56	32	12	nan	S77034
451	18	40	42	nan	S77035
452	10	56	34	nan	S77036
453	54	42	4	nan	S77037
454	56	36	8	nan	S77038
455	30	40	30	nan	S77039
456	36	32	32	nan	S77040
457	52	44	4	nan	S77041
458	60	26	14	nan	S77042
459	38	42	20	nan	S77043
460	40	28	32	nan	S77044
461	18	34	48	nan	S77045
462	14	40	46	nan	S77046
463	28	68	4	nan	S77047
464	60	28	12	nan	S77048
465	52	44	4	nan	S77049
466	60	32	8	nan	S77050
467	56	40	4	nan	S77051
468	60	26	14	nan	S77052
469	60	36	4	nan	S77053
470	60	30	10	nan	S77054
471	60	30	10	nan	S77055
472	60	26	14	nan	S77056
473	28	66	6	nan	S77057
474	56	28	16	nan	S77058
475	44	44	12	nan	S77059
476	52	22	26	nan	S77060
477	52	42	6	nan	S77061
478	58	34	8	nan	S77062
479	58	38	4	nan	S77063
480	60	24	16	nan	S77064
481	42	32	26	nan	S77065
482	36	36	28	nan	S77066
483	32	66	2	nan	S77067
484	54	38	8	nan	S77068
485	44	42	14	nan	S77069
486	34	52	14	nan	S77070
487	32	28	40	nan	S77071
488	46	20	34	nan	S77072
489	52	38	10	nan	S77073
490	64	26	10	nan	S77074
491	54	42	4	nan	S77075
492	58	26	16	nan	S77076
493	32	40	28	nan	S77077
494	32	22	46	nan	S77078
495	26	58	16	nan	S77079
496	50	34	16	nan	S77080
497	36	44	20	nan	S77081
498	42	32	26	nan	S77082
499	54	38	8	nan	S77083
500	52	38	10	nan	S77084
501	52	40	8	nan	S77085
502	62	28	10	nan	S77086
503	32	66	2	nan	S77087
504	46	42	12	nan	S77088
505	30	66	4	nan	S77089
506	58	30	12	nan	S77090
507	34	62	4	nan	S77091
508	58	34	8	nan	S77092
509	28	68	4	nan	S77093
510	60	30	10	nan	S77094
511	52	32	16	nan	S77095
512	40	44	16	nan	S77096
513	28	68	4	nan	S77097
514	60	30	10	nan	S77098
515	20	32	48	nan	S77099
516	22	28	50	nan	S77100
517	26	70	4	nan	S77101
518	60	30	10	nan	S77102
519	28	64	8	nan	S77103
520	60	28	12	nan	S77104
521	58	36	6	nan	S77105
522	62	28	10	nan	S77106
523	48	40	12	nan	S77107
524	28	50	22	nan	S77108
\.


--
-- Data for Name: visualisation_well; Type: TABLE DATA; Schema: public; Owner: postgres
--

COPY public.visualisation_well ("Id_well", localisation, "Depth", "Water_depth", "Pump_cal", "Temperature", "Ph", "Ec", "Tds_ppm", "Salinity", "Resistivity", "Date") FROM stdin;
S101	0101000020E6100000BADA8AFD65174040711B0DE02DD01EC0	160	70	100	25	7.2	1823	893.5	0.954	548.7	2022-11-28
\.


--
-- Name: auth_group_id_seq; Type: SEQUENCE SET; Schema: public; Owner: postgres
--

SELECT pg_catalog.setval('public.auth_group_id_seq', 1, false);


--
-- Name: auth_group_permissions_id_seq; Type: SEQUENCE SET; Schema: public; Owner: postgres
--

SELECT pg_catalog.setval('public.auth_group_permissions_id_seq', 1, false);


--
-- Name: auth_permission_id_seq; Type: SEQUENCE SET; Schema: public; Owner: postgres
--

SELECT pg_catalog.setval('public.auth_permission_id_seq', 48, true);


--
-- Name: auth_user_groups_id_seq; Type: SEQUENCE SET; Schema: public; Owner: postgres
--

SELECT pg_catalog.setval('public.auth_user_groups_id_seq', 1, false);


--
-- Name: auth_user_id_seq; Type: SEQUENCE SET; Schema: public; Owner: postgres
--

SELECT pg_catalog.setval('public.auth_user_id_seq', 1, true);


--
-- Name: auth_user_user_permissions_id_seq; Type: SEQUENCE SET; Schema: public; Owner: postgres
--

SELECT pg_catalog.setval('public.auth_user_user_permissions_id_seq', 1, false);


--
-- Name: django_admin_log_id_seq; Type: SEQUENCE SET; Schema: public; Owner: postgres
--

SELECT pg_catalog.setval('public.django_admin_log_id_seq', 1, false);


--
-- Name: django_content_type_id_seq; Type: SEQUENCE SET; Schema: public; Owner: postgres
--

SELECT pg_catalog.setval('public.django_content_type_id_seq', 12, true);


--
-- Name: django_migrations_id_seq; Type: SEQUENCE SET; Schema: public; Owner: postgres
--

SELECT pg_catalog.setval('public.django_migrations_id_seq', 20, true);


--
-- Name: visualisation_amendment_Id_amendment_seq; Type: SEQUENCE SET; Schema: public; Owner: postgres
--

SELECT pg_catalog.setval('public."visualisation_amendment_Id_amendment_seq"', 1, false);


--
-- Name: visualisation_salinityandsodicitygroup_id_seq; Type: SEQUENCE SET; Schema: public; Owner: postgres
--

SELECT pg_catalog.setval('public.visualisation_salinityandsodicitygroup_id_seq', 524, true);


--
-- Name: visualisation_soilquality_id_seq; Type: SEQUENCE SET; Schema: public; Owner: postgres
--

SELECT pg_catalog.setval('public.visualisation_soilquality_id_seq', 524, true);


--
-- Name: visualisation_soiltexture_id_seq; Type: SEQUENCE SET; Schema: public; Owner: postgres
--

SELECT pg_catalog.setval('public.visualisation_soiltexture_id_seq', 524, true);


--
-- Name: auth_group auth_group_name_key; Type: CONSTRAINT; Schema: public; Owner: postgres
--

ALTER TABLE ONLY public.auth_group
    ADD CONSTRAINT auth_group_name_key UNIQUE (name);


--
-- Name: auth_group_permissions auth_group_permissions_group_id_permission_id_0cd325b0_uniq; Type: CONSTRAINT; Schema: public; Owner: postgres
--

ALTER TABLE ONLY public.auth_group_permissions
    ADD CONSTRAINT auth_group_permissions_group_id_permission_id_0cd325b0_uniq UNIQUE (group_id, permission_id);


--
-- Name: auth_group_permissions auth_group_permissions_pkey; Type: CONSTRAINT; Schema: public; Owner: postgres
--

ALTER TABLE ONLY public.auth_group_permissions
    ADD CONSTRAINT auth_group_permissions_pkey PRIMARY KEY (id);


--
-- Name: auth_group auth_group_pkey; Type: CONSTRAINT; Schema: public; Owner: postgres
--

ALTER TABLE ONLY public.auth_group
    ADD CONSTRAINT auth_group_pkey PRIMARY KEY (id);


--
-- Name: auth_permission auth_permission_content_type_id_codename_01ab375a_uniq; Type: CONSTRAINT; Schema: public; Owner: postgres
--

ALTER TABLE ONLY public.auth_permission
    ADD CONSTRAINT auth_permission_content_type_id_codename_01ab375a_uniq UNIQUE (content_type_id, codename);


--
-- Name: auth_permission auth_permission_pkey; Type: CONSTRAINT; Schema: public; Owner: postgres
--

ALTER TABLE ONLY public.auth_permission
    ADD CONSTRAINT auth_permission_pkey PRIMARY KEY (id);


--
-- Name: auth_user_groups auth_user_groups_pkey; Type: CONSTRAINT; Schema: public; Owner: postgres
--

ALTER TABLE ONLY public.auth_user_groups
    ADD CONSTRAINT auth_user_groups_pkey PRIMARY KEY (id);


--
-- Name: auth_user_groups auth_user_groups_user_id_group_id_94350c0c_uniq; Type: CONSTRAINT; Schema: public; Owner: postgres
--

ALTER TABLE ONLY public.auth_user_groups
    ADD CONSTRAINT auth_user_groups_user_id_group_id_94350c0c_uniq UNIQUE (user_id, group_id);


--
-- Name: auth_user auth_user_pkey; Type: CONSTRAINT; Schema: public; Owner: postgres
--

ALTER TABLE ONLY public.auth_user
    ADD CONSTRAINT auth_user_pkey PRIMARY KEY (id);


--
-- Name: auth_user_user_permissions auth_user_user_permissions_pkey; Type: CONSTRAINT; Schema: public; Owner: postgres
--

ALTER TABLE ONLY public.auth_user_user_permissions
    ADD CONSTRAINT auth_user_user_permissions_pkey PRIMARY KEY (id);


--
-- Name: auth_user_user_permissions auth_user_user_permissions_user_id_permission_id_14a6b632_uniq; Type: CONSTRAINT; Schema: public; Owner: postgres
--

ALTER TABLE ONLY public.auth_user_user_permissions
    ADD CONSTRAINT auth_user_user_permissions_user_id_permission_id_14a6b632_uniq UNIQUE (user_id, permission_id);


--
-- Name: auth_user auth_user_username_key; Type: CONSTRAINT; Schema: public; Owner: postgres
--

ALTER TABLE ONLY public.auth_user
    ADD CONSTRAINT auth_user_username_key UNIQUE (username);


--
-- Name: django_admin_log django_admin_log_pkey; Type: CONSTRAINT; Schema: public; Owner: postgres
--

ALTER TABLE ONLY public.django_admin_log
    ADD CONSTRAINT django_admin_log_pkey PRIMARY KEY (id);


--
-- Name: django_content_type django_content_type_app_label_model_76bd3d3b_uniq; Type: CONSTRAINT; Schema: public; Owner: postgres
--

ALTER TABLE ONLY public.django_content_type
    ADD CONSTRAINT django_content_type_app_label_model_76bd3d3b_uniq UNIQUE (app_label, model);


--
-- Name: django_content_type django_content_type_pkey; Type: CONSTRAINT; Schema: public; Owner: postgres
--

ALTER TABLE ONLY public.django_content_type
    ADD CONSTRAINT django_content_type_pkey PRIMARY KEY (id);


--
-- Name: django_migrations django_migrations_pkey; Type: CONSTRAINT; Schema: public; Owner: postgres
--

ALTER TABLE ONLY public.django_migrations
    ADD CONSTRAINT django_migrations_pkey PRIMARY KEY (id);


--
-- Name: django_session django_session_pkey; Type: CONSTRAINT; Schema: public; Owner: postgres
--

ALTER TABLE ONLY public.django_session
    ADD CONSTRAINT django_session_pkey PRIMARY KEY (session_key);


--
-- Name: visualisation_amendment visualisation_amendment_pkey; Type: CONSTRAINT; Schema: public; Owner: postgres
--

ALTER TABLE ONLY public.visualisation_amendment
    ADD CONSTRAINT visualisation_amendment_pkey PRIMARY KEY ("Id_amendment");


--
-- Name: visualisation_salinityandsodicitygroup visualisation_salinityandsodicitygroup_pkey; Type: CONSTRAINT; Schema: public; Owner: postgres
--

ALTER TABLE ONLY public.visualisation_salinityandsodicitygroup
    ADD CONSTRAINT visualisation_salinityandsodicitygroup_pkey PRIMARY KEY (id);


--
-- Name: visualisation_soilquality visualisation_soilquality_pkey; Type: CONSTRAINT; Schema: public; Owner: postgres
--

ALTER TABLE ONLY public.visualisation_soilquality
    ADD CONSTRAINT visualisation_soilquality_pkey PRIMARY KEY (id);


--
-- Name: visualisation_soilsample visualisation_soilsample_pkey; Type: CONSTRAINT; Schema: public; Owner: postgres
--

ALTER TABLE ONLY public.visualisation_soilsample
    ADD CONSTRAINT visualisation_soilsample_pkey PRIMARY KEY ("Code_labo");


--
-- Name: visualisation_soiltexture visualisation_soiltexture_pkey; Type: CONSTRAINT; Schema: public; Owner: postgres
--

ALTER TABLE ONLY public.visualisation_soiltexture
    ADD CONSTRAINT visualisation_soiltexture_pkey PRIMARY KEY (id);


--
-- Name: visualisation_well visualisation_well_pkey; Type: CONSTRAINT; Schema: public; Owner: postgres
--

ALTER TABLE ONLY public.visualisation_well
    ADD CONSTRAINT visualisation_well_pkey PRIMARY KEY ("Id_well");


--
-- Name: auth_group_name_a6ea08ec_like; Type: INDEX; Schema: public; Owner: postgres
--

CREATE INDEX auth_group_name_a6ea08ec_like ON public.auth_group USING btree (name varchar_pattern_ops);


--
-- Name: auth_group_permissions_group_id_b120cbf9; Type: INDEX; Schema: public; Owner: postgres
--

CREATE INDEX auth_group_permissions_group_id_b120cbf9 ON public.auth_group_permissions USING btree (group_id);


--
-- Name: auth_group_permissions_permission_id_84c5c92e; Type: INDEX; Schema: public; Owner: postgres
--

CREATE INDEX auth_group_permissions_permission_id_84c5c92e ON public.auth_group_permissions USING btree (permission_id);


--
-- Name: auth_permission_content_type_id_2f476e4b; Type: INDEX; Schema: public; Owner: postgres
--

CREATE INDEX auth_permission_content_type_id_2f476e4b ON public.auth_permission USING btree (content_type_id);


--
-- Name: auth_user_groups_group_id_97559544; Type: INDEX; Schema: public; Owner: postgres
--

CREATE INDEX auth_user_groups_group_id_97559544 ON public.auth_user_groups USING btree (group_id);


--
-- Name: auth_user_groups_user_id_6a12ed8b; Type: INDEX; Schema: public; Owner: postgres
--

CREATE INDEX auth_user_groups_user_id_6a12ed8b ON public.auth_user_groups USING btree (user_id);


--
-- Name: auth_user_user_permissions_permission_id_1fbb5f2c; Type: INDEX; Schema: public; Owner: postgres
--

CREATE INDEX auth_user_user_permissions_permission_id_1fbb5f2c ON public.auth_user_user_permissions USING btree (permission_id);


--
-- Name: auth_user_user_permissions_user_id_a95ead1b; Type: INDEX; Schema: public; Owner: postgres
--

CREATE INDEX auth_user_user_permissions_user_id_a95ead1b ON public.auth_user_user_permissions USING btree (user_id);


--
-- Name: auth_user_username_6821ab7c_like; Type: INDEX; Schema: public; Owner: postgres
--

CREATE INDEX auth_user_username_6821ab7c_like ON public.auth_user USING btree (username varchar_pattern_ops);


--
-- Name: django_admin_log_content_type_id_c4bce8eb; Type: INDEX; Schema: public; Owner: postgres
--

CREATE INDEX django_admin_log_content_type_id_c4bce8eb ON public.django_admin_log USING btree (content_type_id);


--
-- Name: django_admin_log_user_id_c564eba6; Type: INDEX; Schema: public; Owner: postgres
--

CREATE INDEX django_admin_log_user_id_c564eba6 ON public.django_admin_log USING btree (user_id);


--
-- Name: django_session_expire_date_a5c62663; Type: INDEX; Schema: public; Owner: postgres
--

CREATE INDEX django_session_expire_date_a5c62663 ON public.django_session USING btree (expire_date);


--
-- Name: django_session_session_key_c0390e0f_like; Type: INDEX; Schema: public; Owner: postgres
--

CREATE INDEX django_session_session_key_c0390e0f_like ON public.django_session USING btree (session_key varchar_pattern_ops);


--
-- Name: visualisation_amendment_localisation_9d92d753_id; Type: INDEX; Schema: public; Owner: postgres
--

CREATE INDEX visualisation_amendment_localisation_9d92d753_id ON public.visualisation_amendment USING gist (localisation);


--
-- Name: visualisation_salinityan_Code_labo_id_28095a8d_like; Type: INDEX; Schema: public; Owner: postgres
--

CREATE INDEX "visualisation_salinityan_Code_labo_id_28095a8d_like" ON public.visualisation_salinityandsodicitygroup USING btree ("Code_labo_id" varchar_pattern_ops);


--
-- Name: visualisation_salinityandsodicitygroup_Code_labo_id_28095a8d; Type: INDEX; Schema: public; Owner: postgres
--

CREATE INDEX "visualisation_salinityandsodicitygroup_Code_labo_id_28095a8d" ON public.visualisation_salinityandsodicitygroup USING btree ("Code_labo_id");


--
-- Name: visualisation_soilquality_Code_labo_id_33de2e11; Type: INDEX; Schema: public; Owner: postgres
--

CREATE INDEX "visualisation_soilquality_Code_labo_id_33de2e11" ON public.visualisation_soilquality USING btree ("Code_labo_id");


--
-- Name: visualisation_soilquality_Code_labo_id_33de2e11_like; Type: INDEX; Schema: public; Owner: postgres
--

CREATE INDEX "visualisation_soilquality_Code_labo_id_33de2e11_like" ON public.visualisation_soilquality USING btree ("Code_labo_id" varchar_pattern_ops);


--
-- Name: visualisation_soilsample_Code_labo_5cf0aa46_like; Type: INDEX; Schema: public; Owner: postgres
--

CREATE INDEX "visualisation_soilsample_Code_labo_5cf0aa46_like" ON public.visualisation_soilsample USING btree ("Code_labo" varchar_pattern_ops);


--
-- Name: visualisation_soilsample_localisation_1767fa7d_id; Type: INDEX; Schema: public; Owner: postgres
--

CREATE INDEX visualisation_soilsample_localisation_1767fa7d_id ON public.visualisation_soilsample USING gist (localisation);


--
-- Name: visualisation_soiltexture_Code_labo_id_cfe9e96a; Type: INDEX; Schema: public; Owner: postgres
--

CREATE INDEX "visualisation_soiltexture_Code_labo_id_cfe9e96a" ON public.visualisation_soiltexture USING btree ("Code_labo_id");


--
-- Name: visualisation_soiltexture_Code_labo_id_cfe9e96a_like; Type: INDEX; Schema: public; Owner: postgres
--

CREATE INDEX "visualisation_soiltexture_Code_labo_id_cfe9e96a_like" ON public.visualisation_soiltexture USING btree ("Code_labo_id" varchar_pattern_ops);


--
-- Name: visualisation_well_Id_well_c337fbb8_like; Type: INDEX; Schema: public; Owner: postgres
--

CREATE INDEX "visualisation_well_Id_well_c337fbb8_like" ON public.visualisation_well USING btree ("Id_well" varchar_pattern_ops);


--
-- Name: visualisation_well_localisation_2cda295d_id; Type: INDEX; Schema: public; Owner: postgres
--

CREATE INDEX visualisation_well_localisation_2cda295d_id ON public.visualisation_well USING gist (localisation);


--
-- Name: auth_group_permissions auth_group_permissio_permission_id_84c5c92e_fk_auth_perm; Type: FK CONSTRAINT; Schema: public; Owner: postgres
--

ALTER TABLE ONLY public.auth_group_permissions
    ADD CONSTRAINT auth_group_permissio_permission_id_84c5c92e_fk_auth_perm FOREIGN KEY (permission_id) REFERENCES public.auth_permission(id) DEFERRABLE INITIALLY DEFERRED;


--
-- Name: auth_group_permissions auth_group_permissions_group_id_b120cbf9_fk_auth_group_id; Type: FK CONSTRAINT; Schema: public; Owner: postgres
--

ALTER TABLE ONLY public.auth_group_permissions
    ADD CONSTRAINT auth_group_permissions_group_id_b120cbf9_fk_auth_group_id FOREIGN KEY (group_id) REFERENCES public.auth_group(id) DEFERRABLE INITIALLY DEFERRED;


--
-- Name: auth_permission auth_permission_content_type_id_2f476e4b_fk_django_co; Type: FK CONSTRAINT; Schema: public; Owner: postgres
--

ALTER TABLE ONLY public.auth_permission
    ADD CONSTRAINT auth_permission_content_type_id_2f476e4b_fk_django_co FOREIGN KEY (content_type_id) REFERENCES public.django_content_type(id) DEFERRABLE INITIALLY DEFERRED;


--
-- Name: auth_user_groups auth_user_groups_group_id_97559544_fk_auth_group_id; Type: FK CONSTRAINT; Schema: public; Owner: postgres
--

ALTER TABLE ONLY public.auth_user_groups
    ADD CONSTRAINT auth_user_groups_group_id_97559544_fk_auth_group_id FOREIGN KEY (group_id) REFERENCES public.auth_group(id) DEFERRABLE INITIALLY DEFERRED;


--
-- Name: auth_user_groups auth_user_groups_user_id_6a12ed8b_fk_auth_user_id; Type: FK CONSTRAINT; Schema: public; Owner: postgres
--

ALTER TABLE ONLY public.auth_user_groups
    ADD CONSTRAINT auth_user_groups_user_id_6a12ed8b_fk_auth_user_id FOREIGN KEY (user_id) REFERENCES public.auth_user(id) DEFERRABLE INITIALLY DEFERRED;


--
-- Name: auth_user_user_permissions auth_user_user_permi_permission_id_1fbb5f2c_fk_auth_perm; Type: FK CONSTRAINT; Schema: public; Owner: postgres
--

ALTER TABLE ONLY public.auth_user_user_permissions
    ADD CONSTRAINT auth_user_user_permi_permission_id_1fbb5f2c_fk_auth_perm FOREIGN KEY (permission_id) REFERENCES public.auth_permission(id) DEFERRABLE INITIALLY DEFERRED;


--
-- Name: auth_user_user_permissions auth_user_user_permissions_user_id_a95ead1b_fk_auth_user_id; Type: FK CONSTRAINT; Schema: public; Owner: postgres
--

ALTER TABLE ONLY public.auth_user_user_permissions
    ADD CONSTRAINT auth_user_user_permissions_user_id_a95ead1b_fk_auth_user_id FOREIGN KEY (user_id) REFERENCES public.auth_user(id) DEFERRABLE INITIALLY DEFERRED;


--
-- Name: django_admin_log django_admin_log_content_type_id_c4bce8eb_fk_django_co; Type: FK CONSTRAINT; Schema: public; Owner: postgres
--

ALTER TABLE ONLY public.django_admin_log
    ADD CONSTRAINT django_admin_log_content_type_id_c4bce8eb_fk_django_co FOREIGN KEY (content_type_id) REFERENCES public.django_content_type(id) DEFERRABLE INITIALLY DEFERRED;


--
-- Name: django_admin_log django_admin_log_user_id_c564eba6_fk_auth_user_id; Type: FK CONSTRAINT; Schema: public; Owner: postgres
--

ALTER TABLE ONLY public.django_admin_log
    ADD CONSTRAINT django_admin_log_user_id_c564eba6_fk_auth_user_id FOREIGN KEY (user_id) REFERENCES public.auth_user(id) DEFERRABLE INITIALLY DEFERRED;


--
-- Name: visualisation_salinityandsodicitygroup visualisation_salini_Code_labo_id_28095a8d_fk_visualisa; Type: FK CONSTRAINT; Schema: public; Owner: postgres
--

ALTER TABLE ONLY public.visualisation_salinityandsodicitygroup
    ADD CONSTRAINT "visualisation_salini_Code_labo_id_28095a8d_fk_visualisa" FOREIGN KEY ("Code_labo_id") REFERENCES public.visualisation_soilsample("Code_labo") DEFERRABLE INITIALLY DEFERRED;


--
-- Name: visualisation_soilquality visualisation_soilqu_Code_labo_id_33de2e11_fk_visualisa; Type: FK CONSTRAINT; Schema: public; Owner: postgres
--

ALTER TABLE ONLY public.visualisation_soilquality
    ADD CONSTRAINT "visualisation_soilqu_Code_labo_id_33de2e11_fk_visualisa" FOREIGN KEY ("Code_labo_id") REFERENCES public.visualisation_soilsample("Code_labo") DEFERRABLE INITIALLY DEFERRED;


--
-- Name: visualisation_soiltexture visualisation_soilte_Code_labo_id_cfe9e96a_fk_visualisa; Type: FK CONSTRAINT; Schema: public; Owner: postgres
--

ALTER TABLE ONLY public.visualisation_soiltexture
    ADD CONSTRAINT "visualisation_soilte_Code_labo_id_cfe9e96a_fk_visualisa" FOREIGN KEY ("Code_labo_id") REFERENCES public.visualisation_soilsample("Code_labo") DEFERRABLE INITIALLY DEFERRED;


--
-- PostgreSQL database dump complete
--

