--
-- PostgreSQL database dump
--

-- Dumped from database version 14.7
-- Dumped by pg_dump version 14.7

-- Started on 2025-06-19 18:10:47

SET statement_timeout = 0;
SET lock_timeout = 0;
SET idle_in_transaction_session_timeout = 0;
SET client_encoding = 'UTF8';
SET standard_conforming_strings = on;
SELECT pg_catalog.set_config('search_path', '', false);
SET check_function_bodies = false;
SET xmloption = content;
SET client_min_messages = warning;
SET row_security = off;

--
-- TOC entry 2 (class 3079 OID 82084)
-- Name: postgis; Type: EXTENSION; Schema: -; Owner: -
--

CREATE EXTENSION IF NOT EXISTS postgis WITH SCHEMA public;


--
-- TOC entry 4392 (class 0 OID 0)
-- Dependencies: 2
-- Name: EXTENSION postgis; Type: COMMENT; Schema: -; Owner: 
--

COMMENT ON EXTENSION postgis IS 'PostGIS geometry and geography spatial types and functions';


SET default_tablespace = '';

SET default_table_access_method = heap;

--
-- TOC entry 222 (class 1259 OID 83150)
-- Name: auth_group; Type: TABLE; Schema: public; Owner: postgres
--

CREATE TABLE public.auth_group (
    id integer NOT NULL,
    name character varying(150) NOT NULL
);


ALTER TABLE public.auth_group OWNER TO postgres;

--
-- TOC entry 221 (class 1259 OID 83149)
-- Name: auth_group_id_seq; Type: SEQUENCE; Schema: public; Owner: postgres
--

ALTER TABLE public.auth_group ALTER COLUMN id ADD GENERATED BY DEFAULT AS IDENTITY (
    SEQUENCE NAME public.auth_group_id_seq
    START WITH 1
    INCREMENT BY 1
    NO MINVALUE
    NO MAXVALUE
    CACHE 1
);


--
-- TOC entry 224 (class 1259 OID 83158)
-- Name: auth_group_permissions; Type: TABLE; Schema: public; Owner: postgres
--

CREATE TABLE public.auth_group_permissions (
    id bigint NOT NULL,
    group_id integer NOT NULL,
    permission_id integer NOT NULL
);


ALTER TABLE public.auth_group_permissions OWNER TO postgres;

--
-- TOC entry 223 (class 1259 OID 83157)
-- Name: auth_group_permissions_id_seq; Type: SEQUENCE; Schema: public; Owner: postgres
--

ALTER TABLE public.auth_group_permissions ALTER COLUMN id ADD GENERATED BY DEFAULT AS IDENTITY (
    SEQUENCE NAME public.auth_group_permissions_id_seq
    START WITH 1
    INCREMENT BY 1
    NO MINVALUE
    NO MAXVALUE
    CACHE 1
);


--
-- TOC entry 220 (class 1259 OID 83144)
-- Name: auth_permission; Type: TABLE; Schema: public; Owner: postgres
--

CREATE TABLE public.auth_permission (
    id integer NOT NULL,
    name character varying(255) NOT NULL,
    content_type_id integer NOT NULL,
    codename character varying(100) NOT NULL
);


ALTER TABLE public.auth_permission OWNER TO postgres;

--
-- TOC entry 219 (class 1259 OID 83143)
-- Name: auth_permission_id_seq; Type: SEQUENCE; Schema: public; Owner: postgres
--

ALTER TABLE public.auth_permission ALTER COLUMN id ADD GENERATED BY DEFAULT AS IDENTITY (
    SEQUENCE NAME public.auth_permission_id_seq
    START WITH 1
    INCREMENT BY 1
    NO MINVALUE
    NO MAXVALUE
    CACHE 1
);


--
-- TOC entry 226 (class 1259 OID 83164)
-- Name: auth_user; Type: TABLE; Schema: public; Owner: postgres
--

CREATE TABLE public.auth_user (
    id integer NOT NULL,
    password character varying(128) NOT NULL,
    last_login timestamp with time zone,
    is_superuser boolean NOT NULL,
    username character varying(150) NOT NULL,
    first_name character varying(150) NOT NULL,
    last_name character varying(150) NOT NULL,
    email character varying(254) NOT NULL,
    is_staff boolean NOT NULL,
    is_active boolean NOT NULL,
    date_joined timestamp with time zone NOT NULL
);


ALTER TABLE public.auth_user OWNER TO postgres;

--
-- TOC entry 228 (class 1259 OID 83172)
-- Name: auth_user_groups; Type: TABLE; Schema: public; Owner: postgres
--

CREATE TABLE public.auth_user_groups (
    id bigint NOT NULL,
    user_id integer NOT NULL,
    group_id integer NOT NULL
);


ALTER TABLE public.auth_user_groups OWNER TO postgres;

--
-- TOC entry 227 (class 1259 OID 83171)
-- Name: auth_user_groups_id_seq; Type: SEQUENCE; Schema: public; Owner: postgres
--

ALTER TABLE public.auth_user_groups ALTER COLUMN id ADD GENERATED BY DEFAULT AS IDENTITY (
    SEQUENCE NAME public.auth_user_groups_id_seq
    START WITH 1
    INCREMENT BY 1
    NO MINVALUE
    NO MAXVALUE
    CACHE 1
);


--
-- TOC entry 225 (class 1259 OID 83163)
-- Name: auth_user_id_seq; Type: SEQUENCE; Schema: public; Owner: postgres
--

ALTER TABLE public.auth_user ALTER COLUMN id ADD GENERATED BY DEFAULT AS IDENTITY (
    SEQUENCE NAME public.auth_user_id_seq
    START WITH 1
    INCREMENT BY 1
    NO MINVALUE
    NO MAXVALUE
    CACHE 1
);


--
-- TOC entry 230 (class 1259 OID 83178)
-- Name: auth_user_user_permissions; Type: TABLE; Schema: public; Owner: postgres
--

CREATE TABLE public.auth_user_user_permissions (
    id bigint NOT NULL,
    user_id integer NOT NULL,
    permission_id integer NOT NULL
);


ALTER TABLE public.auth_user_user_permissions OWNER TO postgres;

--
-- TOC entry 229 (class 1259 OID 83177)
-- Name: auth_user_user_permissions_id_seq; Type: SEQUENCE; Schema: public; Owner: postgres
--

ALTER TABLE public.auth_user_user_permissions ALTER COLUMN id ADD GENERATED BY DEFAULT AS IDENTITY (
    SEQUENCE NAME public.auth_user_user_permissions_id_seq
    START WITH 1
    INCREMENT BY 1
    NO MINVALUE
    NO MAXVALUE
    CACHE 1
);


--
-- TOC entry 232 (class 1259 OID 83236)
-- Name: django_admin_log; Type: TABLE; Schema: public; Owner: postgres
--

CREATE TABLE public.django_admin_log (
    id integer NOT NULL,
    action_time timestamp with time zone NOT NULL,
    object_id text,
    object_repr character varying(200) NOT NULL,
    action_flag smallint NOT NULL,
    change_message text NOT NULL,
    content_type_id integer,
    user_id integer NOT NULL,
    CONSTRAINT django_admin_log_action_flag_check CHECK ((action_flag >= 0))
);


ALTER TABLE public.django_admin_log OWNER TO postgres;

--
-- TOC entry 231 (class 1259 OID 83235)
-- Name: django_admin_log_id_seq; Type: SEQUENCE; Schema: public; Owner: postgres
--

ALTER TABLE public.django_admin_log ALTER COLUMN id ADD GENERATED BY DEFAULT AS IDENTITY (
    SEQUENCE NAME public.django_admin_log_id_seq
    START WITH 1
    INCREMENT BY 1
    NO MINVALUE
    NO MAXVALUE
    CACHE 1
);


--
-- TOC entry 218 (class 1259 OID 83136)
-- Name: django_content_type; Type: TABLE; Schema: public; Owner: postgres
--

CREATE TABLE public.django_content_type (
    id integer NOT NULL,
    app_label character varying(100) NOT NULL,
    model character varying(100) NOT NULL
);


ALTER TABLE public.django_content_type OWNER TO postgres;

--
-- TOC entry 217 (class 1259 OID 83135)
-- Name: django_content_type_id_seq; Type: SEQUENCE; Schema: public; Owner: postgres
--

ALTER TABLE public.django_content_type ALTER COLUMN id ADD GENERATED BY DEFAULT AS IDENTITY (
    SEQUENCE NAME public.django_content_type_id_seq
    START WITH 1
    INCREMENT BY 1
    NO MINVALUE
    NO MAXVALUE
    CACHE 1
);


--
-- TOC entry 216 (class 1259 OID 83128)
-- Name: django_migrations; Type: TABLE; Schema: public; Owner: postgres
--

CREATE TABLE public.django_migrations (
    id bigint NOT NULL,
    app character varying(255) NOT NULL,
    name character varying(255) NOT NULL,
    applied timestamp with time zone NOT NULL
);


ALTER TABLE public.django_migrations OWNER TO postgres;

--
-- TOC entry 215 (class 1259 OID 83127)
-- Name: django_migrations_id_seq; Type: SEQUENCE; Schema: public; Owner: postgres
--

ALTER TABLE public.django_migrations ALTER COLUMN id ADD GENERATED BY DEFAULT AS IDENTITY (
    SEQUENCE NAME public.django_migrations_id_seq
    START WITH 1
    INCREMENT BY 1
    NO MINVALUE
    NO MAXVALUE
    CACHE 1
);


--
-- TOC entry 233 (class 1259 OID 83264)
-- Name: django_session; Type: TABLE; Schema: public; Owner: postgres
--

CREATE TABLE public.django_session (
    session_key character varying(40) NOT NULL,
    session_data text NOT NULL,
    expire_date timestamp with time zone NOT NULL
);


ALTER TABLE public.django_session OWNER TO postgres;

--
-- TOC entry 235 (class 1259 OID 83323)
-- Name: visualisation_amendment; Type: TABLE; Schema: public; Owner: postgres
--

CREATE TABLE public.visualisation_amendment (
    "Id_amendment" integer NOT NULL,
    localisation public.geometry(Point,4326) NOT NULL,
    "Name" character varying(50) NOT NULL,
    "Lu_lc" character varying(50) NOT NULL,
    "Date_collect" date,
    "Ph" double precision NOT NULL,
    "Ec" double precision NOT NULL,
    "Salinity_level" character varying(50) NOT NULL,
    "Classe" integer NOT NULL,
    "Cao" double precision NOT NULL,
    "Sio2" double precision NOT NULL,
    "Al2o3" double precision NOT NULL,
    "Fe2o3" double precision NOT NULL,
    "Mgo" double precision NOT NULL,
    "K2o" double precision NOT NULL,
    "Na2o" double precision NOT NULL,
    "Ttio2" double precision NOT NULL,
    "P2o5" double precision NOT NULL,
    "Mno" double precision NOT NULL,
    "S" double precision NOT NULL,
    "Clay" double precision NOT NULL,
    "Silt" double precision NOT NULL,
    "Sand" double precision NOT NULL,
    "Wc" double precision NOT NULL
);


ALTER TABLE public.visualisation_amendment OWNER TO postgres;

--
-- TOC entry 234 (class 1259 OID 83322)
-- Name: visualisation_amendment_Id_amendment_seq; Type: SEQUENCE; Schema: public; Owner: postgres
--

ALTER TABLE public.visualisation_amendment ALTER COLUMN "Id_amendment" ADD GENERATED BY DEFAULT AS IDENTITY (
    SEQUENCE NAME public."visualisation_amendment_Id_amendment_seq"
    START WITH 1
    INCREMENT BY 1
    NO MINVALUE
    NO MAXVALUE
    CACHE 1
);


--
-- TOC entry 237 (class 1259 OID 83331)
-- Name: visualisation_salinityandsodicitygroup; Type: TABLE; Schema: public; Owner: postgres
--

CREATE TABLE public.visualisation_salinityandsodicitygroup (
    id bigint NOT NULL,
    "Ec1_5" double precision NOT NULL,
    "Ec_pate_sature" double precision NOT NULL,
    "Sar" double precision NOT NULL,
    "Sar_interpretation" character varying(100) NOT NULL,
    "Esp" character varying(100) NOT NULL,
    "Esp_interpretation" character varying(100) NOT NULL,
    "Esp_Ec_interpretation" character varying(100) NOT NULL,
    "Cl" double precision NOT NULL,
    "Classification" character varying(100) NOT NULL,
    "Code_labo_id" character varying(30) NOT NULL
);


ALTER TABLE public.visualisation_salinityandsodicitygroup OWNER TO postgres;

--
-- TOC entry 236 (class 1259 OID 83330)
-- Name: visualisation_salinityandsodicitygroup_id_seq; Type: SEQUENCE; Schema: public; Owner: postgres
--

ALTER TABLE public.visualisation_salinityandsodicitygroup ALTER COLUMN id ADD GENERATED BY DEFAULT AS IDENTITY (
    SEQUENCE NAME public.visualisation_salinityandsodicitygroup_id_seq
    START WITH 1
    INCREMENT BY 1
    NO MINVALUE
    NO MAXVALUE
    CACHE 1
);


--
-- TOC entry 239 (class 1259 OID 83339)
-- Name: visualisation_soilquality; Type: TABLE; Schema: public; Owner: postgres
--

CREATE TABLE public.visualisation_soilquality (
    id bigint NOT NULL,
    "Ph_level" double precision NOT NULL,
    "Organic_matter" double precision NOT NULL,
    "Cu" double precision NOT NULL,
    "Mn" double precision NOT NULL,
    "Fe" double precision NOT NULL,
    "Zn" double precision NOT NULL,
    "NNH4" character varying(30) NOT NULL,
    "NO3" double precision NOT NULL,
    "NT" double precision NOT NULL,
    "P2O5" double precision NOT NULL,
    k2o double precision NOT NULL,
    "Code_labo_id" character varying(30) NOT NULL
);


ALTER TABLE public.visualisation_soilquality OWNER TO postgres;

--
-- TOC entry 238 (class 1259 OID 83338)
-- Name: visualisation_soilquality_id_seq; Type: SEQUENCE; Schema: public; Owner: postgres
--

ALTER TABLE public.visualisation_soilquality ALTER COLUMN id ADD GENERATED BY DEFAULT AS IDENTITY (
    SEQUENCE NAME public.visualisation_soilquality_id_seq
    START WITH 1
    INCREMENT BY 1
    NO MINVALUE
    NO MAXVALUE
    CACHE 1
);


--
-- TOC entry 240 (class 1259 OID 83344)
-- Name: visualisation_soilsample; Type: TABLE; Schema: public; Owner: postgres
--

CREATE TABLE public.visualisation_soilsample (
    "Code_labo" character varying(30) NOT NULL,
    localisation public.geometry(Point,4326) NOT NULL,
    "Depth" character varying(50) NOT NULL,
    "Date_collect" date,
    "Date_edition" date
);


ALTER TABLE public.visualisation_soilsample OWNER TO postgres;

--
-- TOC entry 242 (class 1259 OID 83352)
-- Name: visualisation_soiltexture; Type: TABLE; Schema: public; Owner: postgres
--

CREATE TABLE public.visualisation_soiltexture (
    id bigint NOT NULL,
    "Argile" double precision NOT NULL,
    "Lemon" double precision NOT NULL,
    "Sable" double precision NOT NULL,
    "Soil_texture_v4" character varying(100) NOT NULL,
    "Code_labo_id" character varying(30) NOT NULL
);


ALTER TABLE public.visualisation_soiltexture OWNER TO postgres;

--
-- TOC entry 241 (class 1259 OID 83351)
-- Name: visualisation_soiltexture_id_seq; Type: SEQUENCE; Schema: public; Owner: postgres
--

ALTER TABLE public.visualisation_soiltexture ALTER COLUMN id ADD GENERATED BY DEFAULT AS IDENTITY (
    SEQUENCE NAME public.visualisation_soiltexture_id_seq
    START WITH 1
    INCREMENT BY 1
    NO MINVALUE
    NO MAXVALUE
    CACHE 1
);


--
-- TOC entry 243 (class 1259 OID 83357)
-- Name: visualisation_well; Type: TABLE; Schema: public; Owner: postgres
--

CREATE TABLE public.visualisation_well (
    "Id_well" character varying NOT NULL,
    "Date" date,
    localisation public.geometry(Point,4326),
    "Depth" double precision NOT NULL,
    "Water_depth" double precision NOT NULL,
    "Pump_cal" double precision NOT NULL,
    "Temperature" double precision NOT NULL,
    "Ph" double precision NOT NULL,
    "Ec" double precision NOT NULL,
    "Tds_ppm" double precision NOT NULL,
    "Salinity" double precision NOT NULL,
    "Resistivity" double precision NOT NULL
);


ALTER TABLE public.visualisation_well OWNER TO postgres;

--
-- TOC entry 4365 (class 0 OID 83150)
-- Dependencies: 222
-- Data for Name: auth_group; Type: TABLE DATA; Schema: public; Owner: postgres
--

COPY public.auth_group (id, name) FROM stdin;
\.


--
-- TOC entry 4367 (class 0 OID 83158)
-- Dependencies: 224
-- Data for Name: auth_group_permissions; Type: TABLE DATA; Schema: public; Owner: postgres
--

COPY public.auth_group_permissions (id, group_id, permission_id) FROM stdin;
\.


--
-- TOC entry 4363 (class 0 OID 83144)
-- Dependencies: 220
-- Data for Name: auth_permission; Type: TABLE DATA; Schema: public; Owner: postgres
--

COPY public.auth_permission (id, name, content_type_id, codename) FROM stdin;
1	Can add log entry	1	add_logentry
2	Can change log entry	1	change_logentry
3	Can delete log entry	1	delete_logentry
4	Can view log entry	1	view_logentry
5	Can add permission	2	add_permission
6	Can change permission	2	change_permission
7	Can delete permission	2	delete_permission
8	Can view permission	2	view_permission
9	Can add group	3	add_group
10	Can change group	3	change_group
11	Can delete group	3	delete_group
12	Can view group	3	view_group
13	Can add user	4	add_user
14	Can change user	4	change_user
15	Can delete user	4	delete_user
16	Can view user	4	view_user
17	Can add content type	5	add_contenttype
18	Can change content type	5	change_contenttype
19	Can delete content type	5	delete_contenttype
20	Can view content type	5	view_contenttype
21	Can add session	6	add_session
22	Can change session	6	change_session
23	Can delete session	6	delete_session
24	Can view session	6	view_session
25	Can add puit	7	add_puit
26	Can change puit	7	change_puit
27	Can delete puit	7	delete_puit
28	Can view puit	7	view_puit
29	Can add sample	8	add_sample
30	Can change sample	8	change_sample
31	Can delete sample	8	delete_sample
32	Can view sample	8	view_sample
33	Can add texture	9	add_texture
34	Can change texture	9	change_texture
35	Can delete texture	9	delete_texture
36	Can view texture	9	view_texture
37	Can add amendment	10	add_amendment
38	Can change amendment	10	change_amendment
39	Can delete amendment	10	delete_amendment
40	Can view amendment	10	view_amendment
41	Can add well	11	add_well
42	Can change well	11	change_well
43	Can delete well	11	delete_well
44	Can view well	11	view_well
45	Can add soil quality	12	add_soilquality
46	Can change soil quality	12	change_soilquality
47	Can delete soil quality	12	delete_soilquality
48	Can view soil quality	12	view_soilquality
49	Can add salinity and sodicity group	13	add_salinityandsodicitygroup
50	Can change salinity and sodicity group	13	change_salinityandsodicitygroup
51	Can delete salinity and sodicity group	13	delete_salinityandsodicitygroup
52	Can view salinity and sodicity group	13	view_salinityandsodicitygroup
53	Can add soil sample	14	add_soilsample
54	Can change soil sample	14	change_soilsample
55	Can delete soil sample	14	delete_soilsample
56	Can view soil sample	14	view_soilsample
57	Can add soil texture	15	add_soiltexture
58	Can change soil texture	15	change_soiltexture
59	Can delete soil texture	15	delete_soiltexture
60	Can view soil texture	15	view_soiltexture
\.


--
-- TOC entry 4369 (class 0 OID 83164)
-- Dependencies: 226
-- Data for Name: auth_user; Type: TABLE DATA; Schema: public; Owner: postgres
--

COPY public.auth_user (id, password, last_login, is_superuser, username, first_name, last_name, email, is_staff, is_active, date_joined) FROM stdin;
\.


--
-- TOC entry 4371 (class 0 OID 83172)
-- Dependencies: 228
-- Data for Name: auth_user_groups; Type: TABLE DATA; Schema: public; Owner: postgres
--

COPY public.auth_user_groups (id, user_id, group_id) FROM stdin;
\.


--
-- TOC entry 4373 (class 0 OID 83178)
-- Dependencies: 230
-- Data for Name: auth_user_user_permissions; Type: TABLE DATA; Schema: public; Owner: postgres
--

COPY public.auth_user_user_permissions (id, user_id, permission_id) FROM stdin;
\.


--
-- TOC entry 4375 (class 0 OID 83236)
-- Dependencies: 232
-- Data for Name: django_admin_log; Type: TABLE DATA; Schema: public; Owner: postgres
--

COPY public.django_admin_log (id, action_time, object_id, object_repr, action_flag, change_message, content_type_id, user_id) FROM stdin;
\.


--
-- TOC entry 4361 (class 0 OID 83136)
-- Dependencies: 218
-- Data for Name: django_content_type; Type: TABLE DATA; Schema: public; Owner: postgres
--

COPY public.django_content_type (id, app_label, model) FROM stdin;
1	admin	logentry
2	auth	permission
3	auth	group
4	auth	user
5	contenttypes	contenttype
6	sessions	session
7	visualisation	puit
8	visualisation	sample
9	visualisation	texture
10	visualisation	amendment
11	visualisation	well
12	visualisation	soilquality
13	visualisation	salinityandsodicitygroup
14	visualisation	soilsample
15	visualisation	soiltexture
\.


--
-- TOC entry 4359 (class 0 OID 83128)
-- Dependencies: 216
-- Data for Name: django_migrations; Type: TABLE DATA; Schema: public; Owner: postgres
--

COPY public.django_migrations (id, app, name, applied) FROM stdin;
1	contenttypes	0001_initial	2025-05-02 17:03:51.298785+01
2	auth	0001_initial	2025-05-02 17:03:51.517297+01
3	admin	0001_initial	2025-05-02 17:03:51.563815+01
4	admin	0002_logentry_remove_auto_add	2025-05-02 17:03:51.575853+01
5	admin	0003_logentry_add_action_flag_choices	2025-05-02 17:03:51.585815+01
6	contenttypes	0002_remove_content_type_name	2025-05-02 17:03:51.605814+01
7	auth	0002_alter_permission_name_max_length	2025-05-02 17:03:51.613814+01
8	auth	0003_alter_user_email_max_length	2025-05-02 17:03:51.624838+01
9	auth	0004_alter_user_username_opts	2025-05-02 17:03:51.631787+01
10	auth	0005_alter_user_last_login_null	2025-05-02 17:03:51.639737+01
11	auth	0006_require_contenttypes_0002	2025-05-02 17:03:51.642731+01
12	auth	0007_alter_validators_add_error_messages	2025-05-02 17:03:51.648708+01
13	auth	0008_alter_user_username_max_length	2025-05-02 17:03:51.664252+01
14	auth	0009_alter_user_last_name_max_length	2025-05-02 17:03:51.671562+01
15	auth	0010_alter_group_name_max_length	2025-05-02 17:03:51.679562+01
16	auth	0011_update_proxy_permissions	2025-05-02 17:03:51.68845+01
17	auth	0012_alter_user_first_name_max_length	2025-05-02 17:03:51.696402+01
18	sessions	0001_initial	2025-05-02 17:03:51.723634+01
19	visualisation	0001_initial	2025-05-02 17:12:25.907759+01
20	visualisation	0002_sample	2025-05-02 17:41:59.511915+01
21	visualisation	0003_alter_sample_code_labo	2025-05-02 17:44:27.974118+01
22	visualisation	0004_texture	2025-05-02 17:46:00.599101+01
23	visualisation	0005_amendment_salinityandsodicitygroup_soilquality_and_more	2025-05-21 18:05:49.846434+01
\.


--
-- TOC entry 4376 (class 0 OID 83264)
-- Dependencies: 233
-- Data for Name: django_session; Type: TABLE DATA; Schema: public; Owner: postgres
--

COPY public.django_session (session_key, session_data, expire_date) FROM stdin;
\.


--
-- TOC entry 4127 (class 0 OID 82396)
-- Dependencies: 211
-- Data for Name: spatial_ref_sys; Type: TABLE DATA; Schema: public; Owner: postgres
--

COPY public.spatial_ref_sys (srid, auth_name, auth_srid, srtext, proj4text) FROM stdin;
\.


--
-- TOC entry 4378 (class 0 OID 83323)
-- Dependencies: 235
-- Data for Name: visualisation_amendment; Type: TABLE DATA; Schema: public; Owner: postgres
--

COPY public.visualisation_amendment ("Id_amendment", localisation, "Name", "Lu_lc", "Date_collect", "Ph", "Ec", "Salinity_level", "Classe", "Cao", "Sio2", "Al2o3", "Fe2o3", "Mgo", "K2o", "Na2o", "Ttio2", "P2o5", "Mno", "S", "Clay", "Silt", "Sand", "Wc") FROM stdin;
10	0101000020E61000009D2ADF3312911EC03BE3FBE2520F4040	M16B	Bareground	2023-02-13	7.7	16.97	Extremely saline	5	9.6	47.02	13.73	4.49	5.23	2.61	1.36	0.6	0.27	0.11	0.13	9.06	69.17	21.74	8.12407681
\.


--
-- TOC entry 4380 (class 0 OID 83331)
-- Dependencies: 237
-- Data for Name: visualisation_salinityandsodicitygroup; Type: TABLE DATA; Schema: public; Owner: postgres
--

COPY public.visualisation_salinityandsodicitygroup (id, "Ec1_5", "Ec_pate_sature", "Sar", "Sar_interpretation", "Esp", "Esp_interpretation", "Esp_Ec_interpretation", "Cl", "Classification", "Code_labo_id") FROM stdin;
469	0.43	NaN	4.872720699610031	Sol non sodique – Faible risque de dispersion, perméabilité normale	0.030980275580481893	None to slight	non salin et non alcalin	253.39	Optimal	S51495
470	4.5	NaN	40.96124150557769	Sol non sodique – Faible risque de dispersion, perméabilité normale	0.1947337082952642	Light to moderate	salin et non alcalin	6255.47	Saline-Sodic	S51496
471	0.18	NaN	2.6150267641320246	Sol non sodique – Faible risque de dispersion, perméabilité normale	0.017332969336739765	None to slight	non salin et non alcalin	32.11	Optimal	S51497
472	0.1	NaN	1.1297440184152907	Sol non sodique – Faible risque de dispersion, perméabilité normale	0.007660815219037051	None to slight	non salin et non alcalin	10.67	Optimal	S51498
473	0.24	NaN	3.5629414420156023	Sol non sodique – Faible risque de dispersion, perméabilité normale	0.02296208814842499	None to slight	non salin et non alcalin	59.63	Optimal	S51499
474	2.2	NaN	0.20209307660801734	Sol non sodique – Faible risque de dispersion, perméabilité normale	0.0005428040811975201	None to slight	salin et non alcalin	17.03	Optimal	S51500
475	4.3	NaN	41.21017953381324	Sol non sodique – Faible risque de dispersion, perméabilité normale	0.19225943355170305	Light to moderate	salin et non alcalin	10135.54	Saline-Sodic	S51501
476	2.5	NaN	49.363501767321445	Sol non sodique – Faible risque de dispersion, perméabilité normale	0.23974188338419786	Light to moderate	salin et non alcalin	3243.07	Sodic	S51502
477	22.98	NaN	343.6515707147747	Sol sodique – Risque élevé de dispersion, structure du sol détériorée	0.626903012231578	High to very high	salin et non alcalin	43318.41	Saline-Sodic	S51503
478	9.2	NaN	130.61275115615013	Sol non sodique – Faible risque de dispersion, perméabilité normale	0.42657431604601415	Moderate to high	salin et non alcalin	15975.51	Saline-Sodic	S51504
479	0.14	NaN	2.5471872103505535	Sol non sodique – Faible risque de dispersion, perméabilité normale	0.01691265742794436	None to slight	non salin et non alcalin	20.74	Optimal	S51505
480	0.08	NaN	1.0342203763026485	Sol non sodique – Faible risque de dispersion, perméabilité normale	0.011517372388039484	None to slight	non salin et non alcalin	NaN	Optimal	S52007
481	0.11	NaN	1.3311253871674427	Sol non sodique – Faible risque de dispersion, perméabilité normale	0.015075360944155942	None to slight	non salin et non alcalin	NaN	Optimal	S52008
482	0.1	NaN	1.469712000679232	Sol non sodique – Faible risque de dispersion, perméabilité normale	0.015109916928444132	None to slight	non salin et non alcalin	NaN	Optimal	S52009
483	0.08	NaN	1.0522736367902061	Sol non sodique – Faible risque de dispersion, perméabilité normale	0.01376812498657496	None to slight	non salin et non alcalin	NaN	Optimal	S52010
484	46.27	NaN	825.2627053762506	Sol très sodique – Très haut risque de dispersion, dégradation sévère	0.7717645667531761	Extremely high	salin et non alcalin	NaN	Saline-Sodic	S52066
485	43.63	NaN	1043.3745070747082	Sol très sodique – Très haut risque de dispersion, dégradation sévère	0.8407524296473284	Extremely high	salin et non alcalin	NaN	Saline-Sodic	S52067
486	0.14	NaN	3.3605004627926904	Sol non sodique – Faible risque de dispersion, perméabilité normale	0.031951934991188834	None to slight	non salin et non alcalin	NaN	Optimal	S52019
487	0.17	NaN	3.3229095776505466	Sol non sodique – Faible risque de dispersion, perméabilité normale	0.032061674091835905	None to slight	non salin et non alcalin	NaN	Optimal	S52020
488	0.12	NaN	1.930921775565902	Sol non sodique – Faible risque de dispersion, perméabilité normale	0.018839187511829034	None to slight	non salin et non alcalin	NaN	Optimal	S52021
489	0.12	NaN	1.8356950975372401	Sol non sodique – Faible risque de dispersion, perméabilité normale	0.017134146709325258	None to slight	non salin et non alcalin	NaN	Optimal	S52022
490	3.5	NaN	54.76789561092202	Sol non sodique – Faible risque de dispersion, perméabilité normale	0.30444820438280645	Moderate to high	salin et non alcalin	NaN	Sodic	S52043
491	0.16	NaN	11.630263004833962	Sol non sodique – Faible risque de dispersion, perméabilité normale	0.11432471315965997	None to slight	non salin et non alcalin	NaN	Optimal	S52044
492	0.8	NaN	21.034483097374885	Sol non sodique – Faible risque de dispersion, perméabilité normale	0.17285812395093442	Light to moderate	salin et non alcalin	NaN	Sodic	S52045
493	1.3	NaN	32.25903491085137	Sol non sodique – Faible risque de dispersion, perméabilité normale	0.23567507079312613	Light to moderate	salin et non alcalin	NaN	Sodic	S52046
494	2.1	NaN	46.38247562772405	Sol non sodique – Faible risque de dispersion, perméabilité normale	0.32403467218662985	Moderate to high	salin et non alcalin	NaN	Sodic	S52047
495	2.9	NaN	54.06340824280746	Sol non sodique – Faible risque de dispersion, perméabilité normale	0.33721196046227675	Moderate to high	salin et non alcalin	NaN	Sodic	S52048
496	2.3	NaN	42.3438952234408	Sol non sodique – Faible risque de dispersion, perméabilité normale	0.25863283995809455	Light to moderate	salin et non alcalin	NaN	Sodic	S52049
497	0.6	NaN	15.862187266035296	Sol non sodique – Faible risque de dispersion, perméabilité normale	0.13088504490684855	None to slight	salin et non alcalin	NaN	Sodic	S52050
498	0.74	NaN	19.416728205216017	Sol non sodique – Faible risque de dispersion, perméabilité normale	0.14331281409068075	None to slight	salin et non alcalin	NaN	Sodic	S52039
499	0.43	NaN	12.654231500132074	Sol non sodique – Faible risque de dispersion, perméabilité normale	0.11390173131707147	None to slight	non salin et non alcalin	NaN	Optimal	S52040
500	2.8	NaN	61.66719507550257	Sol non sodique – Faible risque de dispersion, perméabilité normale	0.3637590120247837	Moderate to high	salin et non alcalin	NaN	Sodic	S52041
501	1	NaN	18.00155727204569	Sol non sodique – Faible risque de dispersion, perméabilité normale	0.13219184886675314	None to slight	salin et non alcalin	NaN	Sodic	S52042
502	0.51	NaN	6.690069885480014	Sol non sodique – Faible risque de dispersion, perméabilité normale	0.04931249353243077	None to slight	salin et non alcalin	NaN	Optimal	S52056
503	0.6	NaN	6.002195841105073	Sol non sodique – Faible risque de dispersion, perméabilité normale	0.046060194144225984	None to slight	salin et non alcalin	NaN	Optimal	S52057
504	0.56	NaN	6.334342228369774	Sol non sodique – Faible risque de dispersion, perméabilité normale	0.04693074582256642	None to slight	salin et non alcalin	NaN	Optimal	S52058
505	0.48	NaN	5.681016072240767	Sol non sodique – Faible risque de dispersion, perméabilité normale	0.04578330127001385	None to slight	non salin et non alcalin	NaN	Optimal	S52059
506	0.37	NaN	4.985411585423977	Sol non sodique – Faible risque de dispersion, perméabilité normale	0.03868989846302273	None to slight	non salin et non alcalin	NaN	Optimal	S52060
507	0.36	NaN	7.646993843869563	Sol non sodique – Faible risque de dispersion, perméabilité normale	0.049276048256438686	None to slight	non salin et non alcalin	NaN	Optimal	S52035
508	0.31	NaN	4.233923284950077	Sol non sodique – Faible risque de dispersion, perméabilité normale	0.026770903785208768	None to slight	non salin et non alcalin	NaN	Optimal	S52036
509	3.1	NaN	23.837317609527048	Sol non sodique – Faible risque de dispersion, perméabilité normale	0.13256831687295415	None to slight	salin et non alcalin	NaN	Sodic	S52037
510	1.1	NaN	16.048238720032757	Sol non sodique – Faible risque de dispersion, perméabilité normale	0.09469220640162021	None to slight	salin et non alcalin	NaN	Sodic	S52038
511	1.2	NaN	11.954480777781205	Sol non sodique – Faible risque de dispersion, perméabilité normale	0.07256607094035733	None to slight	salin et non alcalin	NaN	Optimal	S52031
512	0.92	NaN	10.218746935793408	Sol non sodique – Faible risque de dispersion, perméabilité normale	0.061893330395949506	None to slight	salin et non alcalin	NaN	Optimal	S52032
513	0.63	NaN	7.204465702711404	Sol non sodique – Faible risque de dispersion, perméabilité normale	0.04640339327339092	None to slight	salin et non alcalin	NaN	Optimal	S52033
514	0.58	NaN	9.517659171773605	Sol non sodique – Faible risque de dispersion, perméabilité normale	0.06103555927931342	None to slight	salin et non alcalin	NaN	Optimal	S52034
515	0.13	NaN	2.2313258735769574	Sol non sodique – Faible risque de dispersion, perméabilité normale	0.026860594571551714	None to slight	non salin et non alcalin	NaN	Optimal	S52015
516	0.17	NaN	3.504459536543682	Sol non sodique – Faible risque de dispersion, perméabilité normale	0.04438615682058027	None to slight	non salin et non alcalin	NaN	Optimal	S52016
517	0.13	NaN	1.8725644096648362	Sol non sodique – Faible risque de dispersion, perméabilité normale	0.030424900250259544	None to slight	non salin et non alcalin	NaN	Optimal	S52017
518	0.33	NaN	5.976146362287873	Sol non sodique – Faible risque de dispersion, perméabilité normale	0.07490654076000298	None to slight	non salin et non alcalin	NaN	Optimal	S52018
519	0.12	NaN	1.8168093474803706	Sol non sodique – Faible risque de dispersion, perméabilité normale	0.019859561928308615	None to slight	non salin et non alcalin	NaN	Optimal	S52011
520	0.11	NaN	1.0767836083666882	Sol non sodique – Faible risque de dispersion, perméabilité normale	0.010613397426553851	None to slight	non salin et non alcalin	NaN	Optimal	S52012
521	0.1	NaN	1.7305120762688304	Sol non sodique – Faible risque de dispersion, perméabilité normale	0.019579597114827797	None to slight	non salin et non alcalin	NaN	Optimal	S52013
522	0.11	NaN	1.5641513057798637	Sol non sodique – Faible risque de dispersion, perméabilité normale	0.01786620067347135	None to slight	non salin et non alcalin	NaN	Optimal	S52014
523	0.1	NaN	0.7916298033029809	Sol non sodique – Faible risque de dispersion, perméabilité normale	0.010244696898022933	None to slight	non salin et non alcalin	NaN	Optimal	S52061
524	0.09	NaN	0.7341438443955743	Sol non sodique – Faible risque de dispersion, perméabilité normale	0.009395975123754605	None to slight	non salin et non alcalin	NaN	Optimal	S52062
525	19.13	NaN	224.38449654056467	Sol modérément sodique – Risque modéré de sodicité	0.5015538276240162	High to very high	salin et non alcalin	NaN	Saline-Sodic	S52063
526	19.16	NaN	244.63745034952993	Sol modérément sodique – Risque modéré de sodicité	0.5226272124006792	High to very high	salin et non alcalin	NaN	Saline-Sodic	S52064
527	15.57	NaN	184.65563621236245	Sol modérément sodique – Risque modéré de sodicité	0.45793638377421364	Moderate to high	salin et non alcalin	NaN	Saline-Sodic	S52065
528	0.24	NaN	4.772448201133233	Sol non sodique – Faible risque de dispersion, perméabilité normale	0.030867268042886073	None to slight	non salin et non alcalin	NaN	Optimal	S52027
529	0.54	NaN	9.299580966288799	Sol non sodique – Faible risque de dispersion, perméabilité normale	0.058215886833236107	None to slight	salin et non alcalin	NaN	Optimal	S52028
530	0.29	NaN	5.373931500238352	Sol non sodique – Faible risque de dispersion, perméabilité normale	0.03353681171259371	None to slight	non salin et non alcalin	NaN	Optimal	S52029
531	0.29	NaN	5.060236967900739	Sol non sodique – Faible risque de dispersion, perméabilité normale	0.03203215773118627	None to slight	non salin et non alcalin	NaN	Optimal	S52030
532	1.1	NaN	9.875601990516255	Sol non sodique – Faible risque de dispersion, perméabilité normale	0.06873378272219571	None to slight	salin et non alcalin	NaN	Optimal	S51999
533	10.49	NaN	60.06981939385306	Sol non sodique – Faible risque de dispersion, perméabilité normale	0.25513307689282205	Light to moderate	salin et non alcalin	NaN	Saline-Sodic	S52000
534	3.7	NaN	31.79588563668778	Sol non sodique – Faible risque de dispersion, perméabilité normale	0.16946757685781622	Light to moderate	salin et non alcalin	NaN	Sodic	S52001
535	12.66	NaN	70.51201095332269	Sol non sodique – Faible risque de dispersion, perméabilité normale	0.27200067587789445	Light to moderate	salin et non alcalin	NaN	Saline-Sodic	S52002
536	1.3	NaN	13.953780604783917	Sol non sodique – Faible risque de dispersion, perméabilité normale	0.08231421738659148	None to slight	salin et non alcalin	NaN	Sodic	S52003
537	0.82	NaN	9.85401199352973	Sol non sodique – Faible risque de dispersion, perméabilité normale	0.06023301316295439	None to slight	salin et non alcalin	NaN	Optimal	S52004
538	0.2	NaN	2.492960628302494	Sol non sodique – Faible risque de dispersion, perméabilité normale	0.01649961221458397	None to slight	non salin et non alcalin	NaN	Optimal	S52005
539	0.27	NaN	4.285758881310065	Sol non sodique – Faible risque de dispersion, perméabilité normale	0.027455425872493222	None to slight	non salin et non alcalin	NaN	Optimal	S52006
540	6.7	NaN	81.52839885319196	Sol non sodique – Faible risque de dispersion, perméabilité normale	0.3270994144713739	Moderate to high	salin et non alcalin	NaN	Saline-Sodic	S52051
541	7.8	NaN	86.23909855538444	Sol non sodique – Faible risque de dispersion, perméabilité normale	0.3443197045309734	Moderate to high	salin et non alcalin	NaN	Saline-Sodic	S52052
542	15.4	NaN	145.52120178758773	Sol non sodique – Faible risque de dispersion, perméabilité normale	0.40589120034376985	Moderate to high	salin et non alcalin	NaN	Saline-Sodic	S52053
543	4.8	NaN	62.981820131593125	Sol non sodique – Faible risque de dispersion, perméabilité normale	0.2730265795364656	Light to moderate	salin et non alcalin	NaN	Saline-Sodic	S52054
544	6.3	NaN	78.92489999504095	Sol non sodique – Faible risque de dispersion, perméabilité normale	0.31507077626250424	Moderate to high	salin et non alcalin	NaN	Saline-Sodic	S52055
545	0.34	NaN	7.222818831359009	Sol non sodique – Faible risque de dispersion, perméabilité normale	0.0532665861785708	None to slight	non salin et non alcalin	NaN	Optimal	S52023
546	0.74	NaN	11.833584052714174	Sol non sodique – Faible risque de dispersion, perméabilité normale	0.07525586391616107	None to slight	salin et non alcalin	NaN	Optimal	S52024
547	0.29	NaN	6.166915541586857	Sol non sodique – Faible risque de dispersion, perméabilité normale	0.049172123602664486	None to slight	non salin et non alcalin	NaN	Optimal	S52025
548	0.39	NaN	6.266712393289501	Sol non sodique – Faible risque de dispersion, perméabilité normale	0.039224445573466625	None to slight	non salin et non alcalin	NaN	Optimal	S52026
549	57.09	NaN	1001.3196835232189	Sol très sodique – Très haut risque de dispersion, dégradation sévère	0.8091130646736603	Extremely high	salin et non alcalin	NaN	Saline-Sodic	S52068
550	42.15	NaN	635.6051228209835	Sol très sodique – Très haut risque de dispersion, dégradation sévère	0.725104040701276	Extremely high	salin et non alcalin	NaN	Saline-Sodic	S52069
551	36.3	NaN	579.1967541647639	Sol très sodique – Très haut risque de dispersion, dégradation sévère	0.6787510768658941	High to very high	salin et non alcalin	NaN	Saline-Sodic	S52070
552	49.48	NaN	1158.1921069901334	Sol très sodique – Très haut risque de dispersion, dégradation sévère	0.8452803602954505	Extremely high	salin et non alcalin	NaN	Saline-Sodic	S52071
553	17.72	NaN	249.3870848745155	Sol modérément sodique – Risque modéré de sodicité	0.5320630989819374	High to very high	salin et non alcalin	NaN	Saline-Sodic	S52072
554	42.54	NaN	943.9047524254105	Sol très sodique – Très haut risque de dispersion, dégradation sévère	0.8243199723072929	Extremely high	salin et non alcalin	NaN	Saline-Sodic	S52073
555	40.93	NaN	904.6826867003482	Sol très sodique – Très haut risque de dispersion, dégradation sévère	0.8065062236228963	Extremely high	salin et non alcalin	NaN	Saline-Sodic	S52074
556	30.54	NaN	542.2452382196	Sol très sodique – Très haut risque de dispersion, dégradation sévère	0.7297869767162213	Extremely high	salin et non alcalin	NaN	Saline-Sodic	S52075
557	24.46	NaN	266.9641348905912	Sol modérément sodique – Risque modéré de sodicité	0.4803805569343062	Moderate to high	salin et non alcalin	NaN	Saline-Sodic	S52076
558	46.65	NaN	767.6161408154926	Sol très sodique – Très haut risque de dispersion, dégradation sévère	0.7762003125147753	Extremely high	salin et non alcalin	NaN	Saline-Sodic	S52077
559	44.48	NaN	894.1532206101986	Sol très sodique – Très haut risque de dispersion, dégradation sévère	0.8082772689348242	Extremely high	salin et non alcalin	NaN	Saline-Sodic	S52078
560	14.76	NaN	260.031114559043	Sol modérément sodique – Risque modéré de sodicité	0.6021042695194369	High to very high	salin et non alcalin	NaN	Saline-Sodic	S52079
561	55.6	NaN	945.235629652961	Sol très sodique – Très haut risque de dispersion, dégradation sévère	0.8110665879498304	Extremely high	salin et non alcalin	NaN	Saline-Sodic	S52080
562	52.85	NaN	1034.4177753652239	Sol très sodique – Très haut risque de dispersion, dégradation sévère	0.8011027957096094	Extremely high	salin et non alcalin	NaN	Saline-Sodic	S52081
563	42.7	NaN	882.725273276895	Sol très sodique – Très haut risque de dispersion, dégradation sévère	0.8150641072133464	Extremely high	salin et non alcalin	NaN	Saline-Sodic	S52082
564	56.96	NaN	1151.4150896308995	Sol très sodique – Très haut risque de dispersion, dégradation sévère	0.8304860909595739	Extremely high	salin et non alcalin	NaN	Saline-Sodic	S52083
565	4.7	NaN	33.071944870398134	Sol non sodique – Faible risque de dispersion, perméabilité normale	0.16605537893241115	Light to moderate	salin et non alcalin	NaN	Saline-Sodic	S52084
566	4.2	NaN	30.850558077159995	Sol non sodique – Faible risque de dispersion, perméabilité normale	0.15867269763465117	Light to moderate	salin et non alcalin	NaN	Saline-Sodic	S52085
567	4.2	NaN	28.12299185776753	Sol non sodique – Faible risque de dispersion, perméabilité normale	0.14545755885604902	None to slight	salin et non alcalin	NaN	Saline-Sodic	S52086
568	3.3	NaN	26.030604139784256	Sol non sodique – Faible risque de dispersion, perméabilité normale	0.13578068431502754	None to slight	salin et non alcalin	NaN	Sodic	S52087
569	5.3	NaN	34.03639426039129	Sol non sodique – Faible risque de dispersion, perméabilité normale	0.16295837977842623	Light to moderate	salin et non alcalin	NaN	Saline-Sodic	S52088
570	2.8	NaN	20.98742808636147	Sol non sodique – Faible risque de dispersion, perméabilité normale	0.11596937326242178	None to slight	salin et non alcalin	NaN	Sodic	S52089
571	4.2	NaN	28.21312594470228	Sol non sodique – Faible risque de dispersion, perméabilité normale	0.14572402657713446	None to slight	salin et non alcalin	NaN	Saline-Sodic	S52090
572	5.7	NaN	33.97233119051543	Sol non sodique – Faible risque de dispersion, perméabilité normale	0.1674155187095149	Light to moderate	salin et non alcalin	NaN	Saline-Sodic	S52091
573	4.1	NaN	22.86871041793021	Sol non sodique – Faible risque de dispersion, perméabilité normale	0.12502783563933856	None to slight	salin et non alcalin	NaN	Saline-Sodic	S52092
574	2.9	NaN	22.500165130853762	Sol non sodique – Faible risque de dispersion, perméabilité normale	0.125952735144624	None to slight	salin et non alcalin	NaN	Sodic	S52093
575	4.3	NaN	28.816844364276704	Sol non sodique – Faible risque de dispersion, perméabilité normale	0.14716796502747048	None to slight	salin et non alcalin	NaN	Saline-Sodic	S52094
576	3.9	NaN	25.54991658686445	Sol non sodique – Faible risque de dispersion, perméabilité normale	0.13798555783906538	None to slight	salin et non alcalin	NaN	Sodic	S52095
577	4.9	NaN	28.496419309538265	Sol non sodique – Faible risque de dispersion, perméabilité normale	0.14333939874110502	None to slight	salin et non alcalin	NaN	Saline-Sodic	S52096
578	4.7	NaN	26.058961293788233	Sol non sodique – Faible risque de dispersion, perméabilité normale	0.13538626261251227	None to slight	salin et non alcalin	NaN	Saline-Sodic	S52097
579	5.8	NaN	34.52573542628897	Sol non sodique – Faible risque de dispersion, perméabilité normale	0.16641588323244957	Light to moderate	salin et non alcalin	NaN	Saline-Sodic	S52098
580	5.2	NaN	29.482156758075387	Sol non sodique – Faible risque de dispersion, perméabilité normale	0.14967631344532917	None to slight	salin et non alcalin	NaN	Saline-Sodic	S52099
581	2.8	NaN	17.687129697827444	Sol non sodique – Faible risque de dispersion, perméabilité normale	0.09960269225252615	None to slight	salin et non alcalin	NaN	Sodic	S52100
582	0.1	NaN	0.8407760214403419	Sol non sodique – Faible risque de dispersion, perméabilité normale	0.006857355100951541	None to slight	non salin et non alcalin	NaN	Optimal	S53805
583	0.15	NaN	5.486512497884953	Sol non sodique – Faible risque de dispersion, perméabilité normale	0.04432072819478418	None to slight	non salin et non alcalin	NaN	Optimal	S53806
584	0.23	NaN	6.190457093351655	Sol non sodique – Faible risque de dispersion, perméabilité normale	0.053519185252787045	None to slight	non salin et non alcalin	NaN	Optimal	S53807
585	0.24	NaN	6.889864083570872	Sol non sodique – Faible risque de dispersion, perméabilité normale	0.06004399049626995	None to slight	non salin et non alcalin	NaN	Optimal	S53808
586	0.1	NaN	11.274397078456635	Sol non sodique – Faible risque de dispersion, perméabilité normale	0.06503836733500838	None to slight	non salin et non alcalin	NaN	Optimal	S53809
587	0.43	NaN	7.685700337815581	Sol non sodique – Faible risque de dispersion, perméabilité normale	0.04589046910287237	None to slight	non salin et non alcalin	NaN	Optimal	S53810
588	0.21	NaN	1.4031313018195672	Sol non sodique – Faible risque de dispersion, perméabilité normale	0.008470785644617129	None to slight	non salin et non alcalin	NaN	Optimal	S53811
589	0.33	NaN	3.733807911766919	Sol non sodique – Faible risque de dispersion, perméabilité normale	0.022662839120118138	None to slight	non salin et non alcalin	NaN	Optimal	S53812
590	0.35	NaN	1.8500682871535858	Sol non sodique – Faible risque de dispersion, perméabilité normale	0.01102360922578975	None to slight	non salin et non alcalin	NaN	Optimal	S53813
591	0.11	NaN	6.181520066874581	Sol non sodique – Faible risque de dispersion, perméabilité normale	0.0362035886371812	None to slight	non salin et non alcalin	NaN	Optimal	S53814
592	0.17	NaN	0.4315294691067705	Sol non sodique – Faible risque de dispersion, perméabilité normale	0.002564425959292366	None to slight	non salin et non alcalin	NaN	Optimal	S53815
593	0.15	NaN	0.12979254693076042	Sol non sodique – Faible risque de dispersion, perméabilité normale	0.0007835471978514446	None to slight	non salin et non alcalin	NaN	Optimal	S53816
594	0.13	NaN	1.9088637421584176	Sol non sodique – Faible risque de dispersion, perméabilité normale	0.013622915922089604	None to slight	non salin et non alcalin	NaN	Optimal	S53817
595	0.13	NaN	2.0986386808215713	Sol non sodique – Faible risque de dispersion, perméabilité normale	0.013279729485151317	None to slight	non salin et non alcalin	NaN	Optimal	S53818
596	0.27	NaN	5.6395240051643745	Sol non sodique – Faible risque de dispersion, perméabilité normale	0.037284571141767954	None to slight	non salin et non alcalin	NaN	Optimal	S54264
597	0.29	NaN	39.502671553303095	Sol non sodique – Faible risque de dispersion, perméabilité normale	0.22376609455795582	Light to moderate	non salin et non alcalin	NaN	Sodic	S54265
598	0.13	NaN	2.4734279706003637	Sol non sodique – Faible risque de dispersion, perméabilité normale	0.02211893684618094	None to slight	non salin et non alcalin	NaN	Optimal	S54266
599	0.11	NaN	2.253334981700487	Sol non sodique – Faible risque de dispersion, perméabilité normale	0.029188140811925542	None to slight	non salin et non alcalin	NaN	Optimal	S54267
600	0.09	NaN	2.8457297414597296	Sol non sodique – Faible risque de dispersion, perméabilité normale	0.030776430812075987	None to slight	non salin et non alcalin	NaN	Optimal	S54268
601	0.11	NaN	3.1983309934986153	Sol non sodique – Faible risque de dispersion, perméabilité normale	0.034706680570707145	None to slight	non salin et non alcalin	NaN	Optimal	S54269
602	1.89	NaN	24.084522877004353	Sol non sodique – Faible risque de dispersion, perméabilité normale	0.13622675332536843	None to slight	salin et non alcalin	NaN	Sodic	S54270
603	22.54	NaN	178.7781530210502	Sol modérément sodique – Risque modéré de sodicité	0.4443888824744629	Moderate to high	salin et non alcalin	NaN	Saline-Sodic	S54271
604	0.59	NaN	10.252358841162076	Sol non sodique – Faible risque de dispersion, perméabilité normale	0.07510619868980369	None to slight	salin et non alcalin	NaN	Optimal	S54272
605	0.1	NaN	1.7325827158223914	Sol non sodique – Faible risque de dispersion, perméabilité normale	0.02318309232177306	None to slight	non salin et non alcalin	NaN	Optimal	S54273
606	0.33	NaN	7.871502891642829	Sol non sodique – Faible risque de dispersion, perméabilité normale	0.06560749826241638	None to slight	non salin et non alcalin	NaN	Optimal	S54274
607	0.26	NaN	5.1023907769765975	Sol non sodique – Faible risque de dispersion, perméabilité normale	0.033066549576670955	None to slight	non salin et non alcalin	NaN	Optimal	S54275
608	0.56	NaN	13.421894927041938	Sol non sodique – Faible risque de dispersion, perméabilité normale	0.09675758523187508	None to slight	salin et non alcalin	NaN	Sodic	S54276
609	12.85	136.2	330.8464962144503	Sol sodique – Risque élevé de dispersion, structure du sol détériorée	0.688389166859643	High to very high	salin et non alcalin	23638.34	Saline-Sodic	S55239
610	11.12	117.5	190.40468142739346	Sol modérément sodique – Risque modéré de sodicité	0.5281575602801243	High to very high	salin et non alcalin	20383.46	Saline-Sodic	S55240
611	7.74	84.9	159.82388084781573	Sol non sodique – Faible risque de dispersion, perméabilité normale	0.5208748892989222	High to very high	salin et non alcalin	14496.16	Saline-Sodic	S55241
612	10.45	94.37	220.7822465727762	Sol modérément sodique – Risque modéré de sodicité	0.5676283781241058	High to very high	salin et non alcalin	23015.37	Saline-Sodic	S55242
613	9.91	126	208.82025775946437	Sol modérément sodique – Risque modéré de sodicité	0.5743963086988162	High to very high	salin et non alcalin	17104.58	Saline-Sodic	S55243
614	7.32	93.17	94.1048480772251	Sol non sodique – Faible risque de dispersion, perméabilité normale	0.3602372719691242	Moderate to high	salin et non alcalin	14598.9	Saline-Sodic	S55244
615	11	128.1	189.00728015287103	Sol modérément sodique – Risque modéré de sodicité	0.5354244493072999	High to very high	salin et non alcalin	19632.05	Saline-Sodic	S55245
616	11.6	111.6	133.45572498862563	Sol non sodique – Faible risque de dispersion, perméabilité normale	0.41809564814549904	Moderate to high	salin et non alcalin	23899.74	Saline-Sodic	S55246
617	12.28	177	333.2758271343824	Sol sodique – Risque élevé de dispersion, structure du sol détériorée	0.6934172396170716	High to very high	salin et non alcalin	24570.78	Sodic	S55247
618	10.26	126.7	259.61371768419997	Sol modérément sodique – Risque modéré de sodicité	0.6214524492072373	High to very high	salin et non alcalin	20018.93	Saline-Sodic	S55248
619	0.07	3.265	1.3391907330373443	Sol non sodique – Faible risque de dispersion, perméabilité normale	0.013367588447704812	None to slight	non salin et non alcalin	37.17	Optimal	S55249
620	0.08	1.05	1.4711825126552072	Sol non sodique – Faible risque de dispersion, perméabilité normale	0.014500304653359369	None to slight	non salin et non alcalin	19.46	Optimal	S55250
621	0.07	0.814	2.3575559187065855	Sol non sodique – Faible risque de dispersion, perméabilité normale	0.026634582910768173	None to slight	non salin et non alcalin	14.75	Optimal	S55251
622	0.73	9.521	9.44290485662724	Sol non sodique – Faible risque de dispersion, perméabilité normale	0.08050683324919287	None to slight	salin et non alcalin	1093.94	Optimal	S55252
623	0.23	2.66	9.7426876463936	Sol non sodique – Faible risque de dispersion, perméabilité normale	0.08961317702119656	None to slight	non salin et non alcalin	165.18	Optimal	S55253
624	0.35	3.42	7.31126295213206	Sol non sodique – Faible risque de dispersion, perméabilité normale	0.06704956437809627	None to slight	non salin et non alcalin	335.81	Optimal	S55254
625	2.21	3.21	0.6506633725473808	Sol non sodique – Faible risque de dispersion, perméabilité normale	0.002109490530542441	None to slight	salin et non alcalin	30.24	Optimal	S55255
626	2.34	4.17	1.6015194658772378	Sol non sodique – Faible risque de dispersion, perméabilité normale	0.005159277748900145	None to slight	salin et non alcalin	139.57	Optimal	S55256
627	18.78	157.8	420.8385354823562	Sol sodique – Risque élevé de dispersion, structure du sol détériorée	0.6841861681404134	High to very high	salin et non alcalin	57653.9	Saline-Sodic	S55257
628	10.4	103.6	201.19666670003966	Sol modérément sodique – Risque modéré de sodicité	0.44289007344820813	Moderate to high	salin et non alcalin	26467.19	Saline-Sodic	S55258
629	0.46	5.812	9.509757608008753	Sol non sodique – Faible risque de dispersion, perméabilité normale	0.05636941320534911	None to slight	non salin et non alcalin	607.12	Optimal	S55259
630	2.96	26.16	68.73006128227023	Sol non sodique – Faible risque de dispersion, perméabilité normale	0.29304541629340136	Light to moderate	salin et non alcalin	5960.88	Sodic	S55260
631	7.04	60.24	152.97993996339127	Sol non sodique – Faible risque de dispersion, perméabilité normale	0.496427052291905	Moderate to high	salin et non alcalin	15021.28	Saline-Sodic	S55261
632	0.1	1.83	0.891870047064279	Sol non sodique – Faible risque de dispersion, perméabilité normale	0.005994869412342664	None to slight	non salin et non alcalin	28.51	Optimal	S55262
633	0.15	1.48	1.8603958769262294	Sol non sodique – Faible risque de dispersion, perméabilité normale	0.012358658639916819	None to slight	non salin et non alcalin	86.15	Optimal	S55263
634	0.1	4.628	0.699003508175721	Sol non sodique – Faible risque de dispersion, perméabilité normale	0.008055420912675136	None to slight	non salin et non alcalin	13.09	Optimal	S56859
635	0.1	NaN	0.7998240886887016	Sol non sodique – Faible risque de dispersion, perméabilité normale	0.008730284528698574	None to slight	non salin et non alcalin	13.09	Optimal	S56860
636	0.14	4.62	0.6652578485546742	Sol non sodique – Faible risque de dispersion, perméabilité normale	0.0044847901789029625	None to slight	non salin et non alcalin	20	Optimal	S56861
637	0.16	NaN	2.181277601030311	Sol non sodique – Faible risque de dispersion, perméabilité normale	0.01452579404616774	None to slight	non salin et non alcalin	25.33	Optimal	S56862
638	8.67	62.56	301.66240522262075	Sol modérément sodique – Risque modéré de sodicité	0.6688265973007048	High to very high	salin et non alcalin	16466.36	Saline-Sodic	S56863
639	6.81	NaN	121.67609061631097	Sol non sodique – Faible risque de dispersion, perméabilité normale	0.44543569050354487	Moderate to high	salin et non alcalin	11644.53	Sodic	S56864
640	2.52	12.39	68.64165723635301	Sol non sodique – Faible risque de dispersion, perméabilité normale	0.3090873457708223	Moderate to high	salin et non alcalin	2417.78	Sodic	S56865
641	1.49	NaN	35.525955111223524	Sol non sodique – Faible risque de dispersion, perméabilité normale	0.18451478074667316	Light to moderate	salin et non alcalin	1286.06	Sodic	S56866
642	6.91	43.85	89.82417501997925	Sol non sodique – Faible risque de dispersion, perméabilité normale	0.3322158026325268	Moderate to high	salin et non alcalin	12489.01	Saline-Sodic	S56867
643	7.39	NaN	105.5848574551958	Sol non sodique – Faible risque de dispersion, perméabilité normale	0.36193370069265807	Moderate to high	salin et non alcalin	14566.2	Saline-Sodic	S56868
644	1.2	7.535	24.57209997072858	Sol non sodique – Faible risque de dispersion, perméabilité normale	0.13698499438011835	None to slight	salin et non alcalin	804.24	Sodic	S56869
645	8.4	NaN	124.428278006059	Sol non sodique – Faible risque de dispersion, perméabilité normale	0.4171049496572621	Moderate to high	salin et non alcalin	15121.1	Sodic	S56870
646	1.78	7.855	19.35281320745733	Sol non sodique – Faible risque de dispersion, perméabilité normale	0.1097195785924219	None to slight	salin et non alcalin	1272.28	Sodic	S56871
647	4.67	NaN	83.09852611360637	Sol non sodique – Faible risque de dispersion, perméabilité normale	0.33981629792459844	Moderate to high	salin et non alcalin	14188.96	Sodic	S56872
648	6.23	41.12	76.13726952967045	Sol non sodique – Faible risque de dispersion, perméabilité normale	0.3011946931623285	Moderate to high	salin et non alcalin	10023.55	Saline-Sodic	S56873
649	9.57	NaN	134.20493747541417	Sol non sodique – Faible risque de dispersion, perméabilité normale	0.4362315620868941	Moderate to high	salin et non alcalin	10870.07	Saline-Sodic	S56874
650	19.64	105.2	353.9828666766347	Sol sodique – Risque élevé de dispersion, structure du sol détériorée	0.6817535088201638	High to very high	salin et non alcalin	23582.65	Saline-Sodic	S56875
651	12.68	NaN	153.77964651948344	Sol non sodique – Faible risque de dispersion, perméabilité normale	0.44515189452583687	Moderate to high	salin et non alcalin	15042.67	Sodic	S56876
652	11.84	75.62	207.34684758788717	Sol modérément sodique – Risque modéré de sodicité	0.5405022476922177	High to very high	salin et non alcalin	23016.19	Saline-Sodic	S56877
653	11.26	NaN	103.5695098840017	Sol non sodique – Faible risque de dispersion, perméabilité normale	0.32430093167028623	Moderate to high	salin et non alcalin	14463.33	Saline-Sodic	S56878
654	4.86	21.67	56.85358285862617	Sol non sodique – Faible risque de dispersion, perméabilité normale	0.22802743891004632	Light to moderate	salin et non alcalin	5697.71	Saline-Sodic	S56879
655	18.97	NaN	230.9499933314314	Sol modérément sodique – Risque modéré de sodicité	0.5324896375738399	High to very high	salin et non alcalin	33630.12	Saline-Sodic	S56880
656	8.84	52.38	100.23050129298316	Sol non sodique – Faible risque de dispersion, perméabilité normale	0.3514422120010101	Moderate to high	salin et non alcalin	8983.6	Saline-Sodic	S56881
657	16.35	NaN	195.56278136423308	Sol modérément sodique – Risque modéré de sodicité	0.5034054827467852	High to very high	salin et non alcalin	24175.45	Saline-Sodic	S56882
658	10.26	58.52	125.32511609218415	Sol non sodique – Faible risque de dispersion, perméabilité normale	0.38801104190446745	Moderate to high	salin et non alcalin	20509.44	Saline-Sodic	S56883
659	10.61	NaN	97.43620239194753	Sol non sodique – Faible risque de dispersion, perméabilité normale	0.31224288668234246	Moderate to high	salin et non alcalin	11906.14	Saline-Sodic	S56884
660	7.32	36.25	83.82091050376413	Sol non sodique – Faible risque de dispersion, perméabilité normale	0.3110708893935144	Moderate to high	salin et non alcalin	14992.22	Saline-Sodic	S56885
661	36	NaN	516.5246493856732	Sol très sodique – Très haut risque de dispersion, dégradation sévère	0.7294178606361917	Extremely high	salin et non alcalin	122308.32	Sodic	S56886
662	32.1	154.1	519.5118620395357	Sol très sodique – Très haut risque de dispersion, dégradation sévère	0.71537096563187	Extremely high	salin et non alcalin	105209.04	Saline-Sodic	S56887
663	19.67	NaN	224.93865725952074	Sol modérément sodique – Risque modéré de sodicité	0.5292533342851539	High to very high	salin et non alcalin	32415.59	Saline-Sodic	S56888
664	26.04	118.3	665.7573754433039	Sol très sodique – Très haut risque de dispersion, dégradation sévère	0.8179205188544424	Extremely high	salin et non alcalin	98471.73	Saline-Sodic	S56889
665	22.25	NaN	271.6042359120452	Sol modérément sodique – Risque modéré de sodicité	0.5789860282109542	High to very high	salin et non alcalin	74891.9	Saline-Sodic	S56890
666	19.42	106.3	218.95748380318304	Sol modérément sodique – Risque modéré de sodicité	0.5455544636368885	High to very high	salin et non alcalin	32415.59	Saline-Sodic	S56891
667	11.63	NaN	64.33626013343871	Sol non sodique – Faible risque de dispersion, perméabilité normale	0.179459389518741	Light to moderate	salin et non alcalin	15964.28	Saline-Sodic	S56892
668	2.26	3.869	0.5347116188830243	Sol non sodique – Faible risque de dispersion, perméabilité normale	0.0014626425182085285	None to slight	salin et non alcalin	8441.4	Optimal	S56893
669	4.29	NaN	14.026519442342064	Sol non sodique – Faible risque de dispersion, perméabilité normale	0.03746027482820501	None to slight	salin et non alcalin	61.09	Saline-Sodic	S56894
670	2.24	2.715	0.25642099247826566	Sol non sodique – Faible risque de dispersion, perméabilité normale	0.0007123484441350065	None to slight	salin et non alcalin	2758.99	Optimal	S56895
671	2.28	NaN	0.42337417160020757	Sol non sodique – Faible risque de dispersion, perméabilité normale	0.0011912207949076833	None to slight	salin et non alcalin	21.06	Optimal	S56896
672	6.32	37.01	31.833613374565257	Sol non sodique – Faible risque de dispersion, perméabilité normale	0.08081948356367276	None to slight	salin et non alcalin	127.81	Saline-Sodic	S56897
673	16.63	NaN	130.15729038866564	Sol non sodique – Faible risque de dispersion, perméabilité normale	0.26472734309808316	Light to moderate	salin et non alcalin	5937.84	Sodic	S56898
674	8.83	NaN	44.70553686269209	Sol non sodique – Faible risque de dispersion, perméabilité normale	0.10451529754064928	None to slight	salin et non alcalin	24649.56	Sodic	S56900
675	2.5	19.29	18.288097124885056	Sol non sodique – Faible risque de dispersion, perméabilité normale	0.09565454838163662	None to slight	salin et non alcalin	9779.53	Sodic	S56901
676	8.42	NaN	71.2767799615512	Sol non sodique – Faible risque de dispersion, perméabilité normale	0.25659307980433316	Light to moderate	salin et non alcalin	3254.12	Saline-Sodic	S56902
677	8.15	52.65	99.90954809618302	Sol non sodique – Faible risque de dispersion, perméabilité normale	0.26716718851153265	Light to moderate	salin et non alcalin	11927.33	Sodic	S56903
678	14.87	NaN	104.04818150299039	Sol non sodique – Faible risque de dispersion, perméabilité normale	0.25431754012608077	Light to moderate	salin et non alcalin	9207.57	Sodic	S56904
679	2.32	3.56	0.7560745489115573	Sol non sodique – Faible risque de dispersion, perméabilité normale	0.0020348653677325847	None to slight	salin et non alcalin	215.95	Optimal	S56905
680	6.2	NaN	23.976299511156792	Sol non sodique – Faible risque de dispersion, perméabilité normale	0.05960668362905869	None to slight	salin et non alcalin	6462.67	Saline-Sodic	S56906
681	2.29	2.722	0.2737099581659437	Sol non sodique – Faible risque de dispersion, perméabilité normale	0.0007302382649946854	None to slight	salin et non alcalin	175.18	Optimal	S56907
682	2.35	NaN	0.6595078620853909	Sol non sodique – Faible risque de dispersion, perméabilité normale	0.001777014969746217	None to slight	salin et non alcalin	180.45	Optimal	S56908
683	3.28	22.31	25.709665584422936	Sol non sodique – Faible risque de dispersion, perméabilité normale	0.12285413263052042	None to slight	salin et non alcalin	3787.67	Sodic	S56909
684	6.89	NaN	49.620539612415925	Sol non sodique – Faible risque de dispersion, perméabilité normale	0.17277532476650864	Light to moderate	salin et non alcalin	140.05	Saline-Sodic	S56910
685	25.85	123	231.0606147987225	Sol modérément sodique – Risque modéré de sodicité	0.5137385035613737	High to very high	salin et non alcalin	96011.61	Saline-Sodic	S56911
686	22.18	NaN	155.95066810017767	Sol non sodique – Faible risque de dispersion, perméabilité normale	0.395453044400064	Moderate to high	salin et non alcalin	74565.62	Saline-Sodic	S56912
687	0.47	4.368	15.148368768772194	Sol non sodique – Faible risque de dispersion, perméabilité normale	0.10568096765679909	None to slight	non salin et non alcalin	357.15	Sodic	S57083
688	0.4	NaN	14.849600975239975	Sol non sodique – Faible risque de dispersion, perméabilité normale	0.1019566343394137	None to slight	non salin et non alcalin	238.86	Sodic	S57084
689	1.16	7.024	22.113269037518464	Sol non sodique – Faible risque de dispersion, perméabilité normale	0.12070706083519506	None to slight	salin et non alcalin	1076.44	Sodic	S57085
690	2.55	NaN	37.49280284053418	Sol non sodique – Faible risque de dispersion, perméabilité normale	0.18929695419636364	Light to moderate	salin et non alcalin	3685.27	Sodic	S57086
691	2.36	11.54	24.133346718492113	Sol non sodique – Faible risque de dispersion, perméabilité normale	0.1332341455079729	None to slight	salin et non alcalin	4000.36	Sodic	S57087
692	4.99	NaN	80.40212627532368	Sol non sodique – Faible risque de dispersion, perméabilité normale	0.3457161744580203	Moderate to high	salin et non alcalin	5179.87	Saline-Sodic	S57088
693	0.42	3.17	10.636444029923013	Sol non sodique – Faible risque de dispersion, perméabilité normale	0.07504649056131467	None to slight	non salin et non alcalin	249.91	Optimal	S57089
694	0.28	NaN	9.432341785344882	Sol non sodique – Faible risque de dispersion, perméabilité normale	0.058500384454185025	None to slight	non salin et non alcalin	104.73	Optimal	S57090
695	0.16	0.63	1.1442766369104427	Sol non sodique – Faible risque de dispersion, perméabilité normale	0.008758285066806605	None to slight	non salin et non alcalin	25.740000000000002	Optimal	S57091
696	1.38	NaN	13.740959577358318	Sol non sodique – Faible risque de dispersion, perméabilité normale	0.0885475054071328	None to slight	salin et non alcalin	1295.61	Sodic	S57092
697	0.1	0.788	0.7753998401443912	Sol non sodique – Faible risque de dispersion, perméabilité normale	0.00776282400979246	None to slight	non salin et non alcalin	86.17	Optimal	S57093
698	0.11	NaN	1.4364198683518161	Sol non sodique – Faible risque de dispersion, perméabilité normale	0.01516920960225317	None to slight	non salin et non alcalin	16.14	Optimal	S57094
699	0.22	1.39	2.806453718404018	Sol non sodique – Faible risque de dispersion, perméabilité normale	0.02189773181628443	None to slight	non salin et non alcalin	41.480000000000004	Optimal	S57095
700	0.72	NaN	10.751233277534913	Sol non sodique – Faible risque de dispersion, perméabilité normale	0.08148427586645196	None to slight	salin et non alcalin	687.84	Optimal	S57096
701	0.17	1.01	4.606274105242394	Sol non sodique – Faible risque de dispersion, perméabilité normale	0.02880694400402672	None to slight	non salin et non alcalin	106.36	Optimal	S73824
702	0.27	3.31	6.489817616716547	Sol non sodique – Faible risque de dispersion, perméabilité normale	0.041955272736779216	None to slight	non salin et non alcalin	212.72	Optimal	S73825
703	0.18	1.31	2.823495528884223	Sol non sodique – Faible risque de dispersion, perméabilité normale	0.01818280171873484	None to slight	non salin et non alcalin	70.91	Optimal	S73826
704	0.09	0.69	2.632334020053028	Sol non sodique – Faible risque de dispersion, perméabilité normale	0.025471294492301472	None to slight	non salin et non alcalin	141.81	Optimal	S73827
705	0.11	0.94	0.47901680474680786	Sol non sodique – Faible risque de dispersion, perméabilité normale	0.0032487787426760803	None to slight	non salin et non alcalin	177.27	Optimal	S73828
706	4.31	52.02	69.10970088258419	Sol non sodique – Faible risque de dispersion, perméabilité normale	0.3128344983364258	Moderate to high	salin et non alcalin	9075.97	Saline-Sodic	S73829
707	4.01	52.64	83.56547755949171	Sol non sodique – Faible risque de dispersion, perméabilité normale	0.3807529888227017	Moderate to high	salin et non alcalin	6736.07	Saline-Sodic	S73830
708	0.21	2.19	5.034624773674546	Sol non sodique – Faible risque de dispersion, perméabilité normale	0.04180471203942935	None to slight	non salin et non alcalin	354.53	Optimal	S73831
709	0.07	0.65	0.5541994597388101	Sol non sodique – Faible risque de dispersion, perméabilité normale	0.0054957825813556375	None to slight	non salin et non alcalin	70.91	Optimal	S73832
710	8.66	112.5	13.81027553488319	Sol non sodique – Faible risque de dispersion, perméabilité normale	0.06806183318310388	None to slight	salin et non alcalin	10990.43	Saline-Sodic	S73833
711	9.31	108.6	45.41691747847815	Sol non sodique – Faible risque de dispersion, perméabilité normale	0.18670569272008095	Light to moderate	salin et non alcalin	14181.2	Saline-Sodic	S73834
712	0.21	0.97	2.3488793589630674	Sol non sodique – Faible risque de dispersion, perméabilité normale	0.016440588149820006	None to slight	non salin et non alcalin	177.27	Optimal	S73835
713	0.09	0.81	0.5282347998605263	Sol non sodique – Faible risque de dispersion, perméabilité normale	0.004595365038650499	None to slight	non salin et non alcalin	70.91	Optimal	S73836
714	0.11	0.97	0.6423060122728315	Sol non sodique – Faible risque de dispersion, perméabilité normale	0.004197026096818418	None to slight	non salin et non alcalin	35.45	Optimal	S73837
715	0.07	0.52	0.7354067725856469	Sol non sodique – Faible risque de dispersion, perméabilité normale	0.006018440892709592	None to slight	non salin et non alcalin	70.91	Optimal	S73838
716	0.29	2.58	3.5420000532382523	Sol non sodique – Faible risque de dispersion, perméabilité normale	0.023326274881769297	None to slight	non salin et non alcalin	212.72	Optimal	S73839
717	0.11	1.02	4.5078118622383405	Sol non sodique – Faible risque de dispersion, perméabilité normale	0.04087234212989583	None to slight	non salin et non alcalin	212.72	Optimal	S73840
718	0.22	1.96	7.067348077573953	Sol non sodique – Faible risque de dispersion, perméabilité normale	0.06584041226432724	None to slight	non salin et non alcalin	319.08	Optimal	S73841
719	0.47	5.36	0.5150673571221559	Sol non sodique – Faible risque de dispersion, perméabilité normale	0.0034656048578916875	None to slight	non salin et non alcalin	141.81	Optimal	S73842
720	1.19	10.27	21.17131039854432	Sol non sodique – Faible risque de dispersion, perméabilité normale	0.12039242817697322	None to slight	salin et non alcalin	1843.56	Sodic	S73843
721	0.3	2.6	4.205287544020803	Sol non sodique – Faible risque de dispersion, perméabilité normale	0.026231140228078084	None to slight	non salin et non alcalin	212.72	Optimal	S73844
722	0.2	1.52	0.5309285400543534	Sol non sodique – Faible risque de dispersion, perméabilité normale	0.003262796426586601	None to slight	non salin et non alcalin	106.36	Optimal	S73845
723	0.56	7.13	7.8780124813020285	Sol non sodique – Faible risque de dispersion, perméabilité normale	0.04778095869565869	None to slight	salin et non alcalin	638.15	Optimal	S73846
724	4.75	45.75	90.79846313424846	Sol non sodique – Faible risque de dispersion, perméabilité normale	0.36282594019736003	Moderate to high	salin et non alcalin	9075.97	Saline-Sodic	S73847
725	4.16	59.84	92.88119855637781	Sol non sodique – Faible risque de dispersion, perméabilité normale	0.3860069553625483	Moderate to high	salin et non alcalin	7516.04	Saline-Sodic	S73848
726	12.09	135.6	435.08907539121714	Sol très sodique – Très haut risque de dispersion, dégradation sévère	0.7464525127626617	Extremely high	salin et non alcalin	22689.92	Saline-Sodic	S73849
727	0.2	0.79	1.2362700487561364	Sol non sodique – Faible risque de dispersion, perméabilité normale	0.010280975663726225	None to slight	non salin et non alcalin	638.15	Optimal	S73850
728	0.08	0.54	0.3139926162257497	Sol non sodique – Faible risque de dispersion, perméabilité normale	0.0023650660028795316	None to slight	non salin et non alcalin	177.27	Optimal	S73851
729	12.07	113.3	108.1934007395248	Sol non sodique – Faible risque de dispersion, perméabilité normale	0.36229746391858925	Moderate to high	salin et non alcalin	23044.45	Saline-Sodic	S73852
730	11.37	107.4	90.88139899462291	Sol non sodique – Faible risque de dispersion, perméabilité normale	0.3110855860006388	Moderate to high	salin et non alcalin	22335.39	Saline-Sodic	S73853
731	17.11	165.3	232.1523534207187	Sol modérément sodique – Risque modéré de sodicité	0.5724419998927621	High to very high	salin et non alcalin	31907.7	Saline-Sodic	S73854
732	13.34	118.7	174.35629514288243	Sol modérément sodique – Risque modéré de sodicité	0.4919993422398052	Moderate to high	salin et non alcalin	23398.98	Saline-Sodic	S73855
733	12.67	145.6	184.47344676976826	Sol modérément sodique – Risque modéré de sodicité	0.4983142041468008	Moderate to high	salin et non alcalin	28362.4	Saline-Sodic	S73856
734	18.29	154.5	194.20757080977896	Sol modérément sodique – Risque modéré de sodicité	0.49221645449539786	Moderate to high	salin et non alcalin	30844.11	Saline-Sodic	S73857
735	11.48	110.3	160.40700899097752	Sol non sodique – Faible risque de dispersion, perméabilité normale	0.48994261707181697	Moderate to high	salin et non alcalin	21271.8	Saline-Sodic	S73858
736	12.48	101.4	106.47388469239847	Sol non sodique – Faible risque de dispersion, perméabilité normale	0.34601060901200836	Moderate to high	salin et non alcalin	21271.8	Saline-Sodic	S73859
737	14.97	143.4	237.66099344069664	Sol modérément sodique – Risque modéré de sodicité	0.5792970880418788	High to very high	salin et non alcalin	28716.93	Saline-Sodic	S73860
738	15.24	127	197.4943892496229	Sol modérément sodique – Risque modéré de sodicité	0.49528760954124856	Moderate to high	salin et non alcalin	30844.11	Saline-Sodic	S73861
739	5.43	73.06	70.27233534042394	Sol non sodique – Faible risque de dispersion, perméabilité normale	0.30897823090897064	Moderate to high	salin et non alcalin	9217.78	Saline-Sodic	S73862
740	6.01	77.34	37.77988528115697	Sol non sodique – Faible risque de dispersion, perméabilité normale	0.168654886431471	Light to moderate	salin et non alcalin	9997.75	Saline-Sodic	S73863
741	69.01	224.8	691.6452847476997	Sol très sodique – Très haut risque de dispersion, dégradation sévère	0.6878144693603682	High to very high	salin et non alcalin	140039.35	Saline-Sodic	S73864
742	11.64	83.23	87.14898231930175	Sol non sodique – Faible risque de dispersion, perméabilité normale	0.24409090532806793	Light to moderate	salin et non alcalin	17726.5	Saline-Sodic	S73865
743	46.82	229.4	377.9717458400838	Sol sodique – Risque élevé de dispersion, structure du sol détériorée	0.5416950893006024	High to very high	salin et non alcalin	92177.8	Saline-Sodic	S73866
744	11.34	84.42	73.99836090959333	Sol non sodique – Faible risque de dispersion, perméabilité normale	0.20820162979071793	Light to moderate	salin et non alcalin	19499.15	Saline-Sodic	S73867
745	43.14	225	471.48537932598856	Sol très sodique – Très haut risque de dispersion, dégradation sévère	0.6463342064838075	High to very high	salin et non alcalin	90405.15	Saline-Sodic	S73868
746	9.29	71.2	128.07400965898807	Sol non sodique – Faible risque de dispersion, perméabilité normale	0.43830258556922663	Moderate to high	salin et non alcalin	15953.85	Saline-Sodic	S73869
747	3.88	19.17	11.029444801303853	Sol non sodique – Faible risque de dispersion, perméabilité normale	0.03701188338872765	None to slight	salin et non alcalin	2907.15	Optimal	S73870
748	4.34	23	15.3437719416219	Sol non sodique – Faible risque de dispersion, perméabilité normale	0.051951600545229674	None to slight	salin et non alcalin	3545.3	Saline-Sodic	S73871
749	7.04	53.32	54.14947196505709	Sol non sodique – Faible risque de dispersion, perméabilité normale	0.23811504280093862	Light to moderate	salin et non alcalin	10494.09	Saline-Sodic	S73872
750	2.21	11.26	16.640964027634098	Sol non sodique – Faible risque de dispersion, perméabilité normale	0.09678959123738287	None to slight	salin et non alcalin	1559.93	Sodic	S73873
751	20.02	178	194.577653259145	Sol modérément sodique – Risque modéré de sodicité	0.400022277077123	Moderate to high	salin et non alcalin	35453	Saline-Sodic	S73874
752	16.38	114.4	118.70834643514699	Sol non sodique – Faible risque de dispersion, perméabilité normale	0.28600873361544576	Light to moderate	salin et non alcalin	26589.75	Saline-Sodic	S73875
753	5.57	87.62	110.72039135733684	Sol non sodique – Faible risque de dispersion, perméabilité normale	0.45158081345746337	Moderate to high	salin et non alcalin	10635.9	Saline-Sodic	S73876
754	14.18	159.1	213.18224195207856	Sol modérément sodique – Risque modéré de sodicité	0.551544630182729	High to very high	salin et non alcalin	28362.4	Saline-Sodic	S73877
755	6.78	75	136.58146243136386	Sol non sodique – Faible risque de dispersion, perméabilité normale	0.4825800539386278	Moderate to high	salin et non alcalin	29213.27	Saline-Sodic	S73878
756	11.82	129.6	158.78842292489432	Sol non sodique – Faible risque de dispersion, perméabilité normale	0.44715364189316303	Moderate to high	salin et non alcalin	21271.8	Saline-Sodic	S73879
757	11.38	109.1	249.7931975334179	Sol modérément sodique – Risque modéré de sodicité	0.6256521737652647	High to very high	salin et non alcalin	31907.7	Saline-Sodic	S73880
758	15.03	147	225.5841949243182	Sol modérément sodique – Risque modéré de sodicité	0.5696482290465463	High to very high	salin et non alcalin	17017.44	Saline-Sodic	S73881
759	8.66	93.46	176.02626987921846	Sol modérément sodique – Risque modéré de sodicité	0.5418031547961881	High to very high	salin et non alcalin	27936.96	Saline-Sodic	S73882
760	14.7	140.4	212.08873101211555	Sol modérément sodique – Risque modéré de sodicité	0.5407161621020912	High to very high	salin et non alcalin	29425.99	Saline-Sodic	S73883
761	6.41	73.65	111.36406929683304	Sol non sodique – Faible risque de dispersion, perméabilité normale	0.41316792922279055	Moderate to high	salin et non alcalin	13046.7	Saline-Sodic	S73884
762	15.66	140	174.50190683756801	Sol modérément sodique – Risque modéré de sodicité	0.46645439001573796	Moderate to high	salin et non alcalin	34034.88	Saline-Sodic	S73885
763	8	94.92	195.98849693222527	Sol modérément sodique – Risque modéré de sodicité	0.5695757998147168	High to very high	salin et non alcalin	18293.75	Saline-Sodic	S73886
764	19.69	130.7	197.59494695039987	Sol modérément sodique – Risque modéré de sodicité	0.5046660343628562	High to very high	salin et non alcalin	34034.88	Saline-Sodic	S73887
765	9.83	93.27	168.92795431668682	Sol modérément sodique – Risque modéré de sodicité	0.5299079384024584	High to very high	salin et non alcalin	19499.15	Saline-Sodic	S73888
766	10.89	92.72	155.32980060124206	Sol non sodique – Faible risque de dispersion, perméabilité normale	0.42674253231063547	Moderate to high	salin et non alcalin	22335.39	Saline-Sodic	S73889
767	10.36	120.7	225.82503846047862	Sol modérément sodique – Risque modéré de sodicité	0.601032069099563	High to very high	salin et non alcalin	23398.98	Saline-Sodic	S73890
768	14.22	136	194.74692759909453	Sol modérément sodique – Risque modéré de sodicité	0.5049241409276607	High to very high	salin et non alcalin	30135.05	Saline-Sodic	S73891
769	10.17	127.2	210.61004507793368	Sol modérément sodique – Risque modéré de sodicité	0.5871266405118247	High to very high	salin et non alcalin	21271.8	Saline-Sodic	S73892
770	12.07	121.2	171.3553710898805	Sol modérément sodique – Risque modéré de sodicité	0.4718539382487451	Moderate to high	salin et non alcalin	27298.81	Saline-Sodic	S73893
771	0.56	7.8	15.347620943695103	Sol non sodique – Faible risque de dispersion, perméabilité normale	0.09139933690232326	None to slight	salin et non alcalin	992.68	Sodic	S73894
772	3.28	47.19	62.09278786036025	Sol non sodique – Faible risque de dispersion, perméabilité normale	0.27789593499559634	Light to moderate	salin et non alcalin	7516.04	Sodic	S73895
773	32.35	218.2	582.0985027238479	Sol très sodique – Très haut risque de dispersion, dégradation sévère	0.7381278558211867	Extremely high	salin et non alcalin	81541.9	Saline-Sodic	S73896
774	9.1	56.29	185.89999654142812	Sol modérément sodique – Risque modéré de sodicité	0.5594043031518057	High to very high	salin et non alcalin	15953.85	Saline-Sodic	S73897
775	35	126	632.0059231289496	Sol très sodique – Très haut risque de dispersion, dégradation sévère	0.784035977522193	Extremely high	salin et non alcalin	68424.29	Saline-Sodic	S73898
776	10.59	136.2	135.24087028075135	Sol non sodique – Faible risque de dispersion, perméabilité normale	0.36499687524593566	Moderate to high	salin et non alcalin	21626.33	Saline-Sodic	S73899
777	29.72	203.6	603.0200801557197	Sol très sodique – Très haut risque de dispersion, dégradation sévère	0.7643526468997487	Extremely high	salin et non alcalin	76578.48	Saline-Sodic	S73900
778	10.77	72.11	187.96179445027275	Sol modérément sodique – Risque modéré de sodicité	0.4981953520894455	Moderate to high	salin et non alcalin	19853.68	Saline-Sodic	S73901
779	23.74	164	384.9781268639668	Sol sodique – Risque élevé de dispersion, structure du sol détériorée	0.6780721810854251	High to very high	salin et non alcalin	49988.73	Saline-Sodic	S73902
780	8.45	66.61	158.50068044546407	Sol non sodique – Faible risque de dispersion, perméabilité normale	0.4737487617642748	Moderate to high	salin et non alcalin	18151.94	Saline-Sodic	S73903
781	35.1	235.2	680.6850966900198	Sol très sodique – Très haut risque de dispersion, dégradation sévère	0.7785736176737396	Extremely high	salin et non alcalin	87214.38	Saline-Sodic	S73904
782	7.45	66.24	193.93750150176095	Sol modérément sodique – Risque modéré de sodicité	0.5439656702479023	High to very high	salin et non alcalin	17726.5	Saline-Sodic	S73905
783	40.28	223	706.8658000978726	Sol très sodique – Très haut risque de dispersion, dégradation sévère	0.7904636054408051	Extremely high	salin et non alcalin	91468.74	Saline-Sodic	S73906
784	12.57	76.16	211.49844618614446	Sol modérément sodique – Risque modéré de sodicité	0.531577964587645	High to very high	salin et non alcalin	19853.68	Saline-Sodic	S73907
785	33.49	214.8	646.8296588414233	Sol très sodique – Très haut risque de dispersion, dégradation sévère	0.7848172855921645	Extremely high	salin et non alcalin	78705.66	Saline-Sodic	S73908
786	7.96	70.92	213.75582324065192	Sol modérément sodique – Risque modéré de sodicité	0.5535371980697945	High to very high	salin et non alcalin	20562.74	Saline-Sodic	S73909
787	43.66	226	523.7958478612528	Sol très sodique – Très haut risque de dispersion, dégradation sévère	0.7777584781190817	Extremely high	salin et non alcalin	91468.74	Saline-Sodic	S73910
788	8.36	52.79	143.4004101489426	Sol non sodique – Faible risque de dispersion, perméabilité normale	0.4410835685782703	Moderate to high	salin et non alcalin	14323.01	Saline-Sodic	S73911
789	43.17	222.1	712.8193124401995	Sol très sodique – Très haut risque de dispersion, dégradation sévère	0.7976184218443507	Extremely high	salin et non alcalin	85087.2	Saline-Sodic	S73912
790	11.26	79.08	209.0732612341226	Sol modérément sodique – Risque modéré de sodicité	0.5342497414628447	High to very high	salin et non alcalin	18790.09	Saline-Sodic	S73913
791	33.23	196.1	553.5858836648877	Sol très sodique – Très haut risque de dispersion, dégradation sévère	0.7460118773666963	Extremely high	salin et non alcalin	74805.83	Saline-Sodic	S73914
792	10.41	60.94	161.66992466780272	Sol non sodique – Faible risque de dispersion, perméabilité normale	0.46830655362907714	Moderate to high	salin et non alcalin	17726.5	Saline-Sodic	S73915
793	45.15	218.4	687.0414471303122	Sol très sodique – Très haut risque de dispersion, dégradation sévère	0.7827357816518281	Extremely high	salin et non alcalin	90759.68	Saline-Sodic	S73916
794	9.75	60.08	185.52776412198912	Sol modérément sodique – Risque modéré de sodicité	0.5314066709703029	High to very high	salin et non alcalin	20917.27	Saline-Sodic	S73917
795	33.96	186.5	520.6974715911005	Sol très sodique – Très haut risque de dispersion, dégradation sévère	0.7442750934532368	Extremely high	salin et non alcalin	67006.17	Saline-Sodic	S73918
796	10.78	67.1	185.9248632293413	Sol modérément sodique – Risque modéré de sodicité	0.5100119670844766	High to very high	salin et non alcalin	22689.92	Saline-Sodic	S73919
797	34.33	194.4	515.5898062137406	Sol très sodique – Très haut risque de dispersion, dégradation sévère	0.7372529574163642	Extremely high	salin et non alcalin	67360.7	Saline-Sodic	S73920
798	9.37	58.94	163.24648478983144	Sol non sodique – Faible risque de dispersion, perméabilité normale	0.47608820475001107	Moderate to high	salin et non alcalin	17726.5	Saline-Sodic	S73921
799	38.43	206	739.6531201372297	Sol très sodique – Très haut risque de dispersion, dégradation sévère	0.8120817824388644	Extremely high	salin et non alcalin	74451.3	Saline-Sodic	S73922
800	13.72	79.09	212.71643885738186	Sol modérément sodique – Risque modéré de sodicité	0.5329799802270246	High to very high	salin et non alcalin	21271.8	Saline-Sodic	S73923
801	46.44	213	607.7554165458016	Sol très sodique – Très haut risque de dispersion, dégradation sévère	0.7715471614323072	Extremely high	salin et non alcalin	92532.33	Saline-Sodic	S73924
802	13.55	72.3	239.2589327827719	Sol modérément sodique – Risque modéré de sodicité	0.5655549794698521	High to very high	salin et non alcalin	22689.92	Saline-Sodic	S73925
803	36.18	202.4	641.347929056148	Sol très sodique – Très haut risque de dispersion, dégradation sévère	0.7989370977950556	Extremely high	salin et non alcalin	69487.88	Saline-Sodic	S73926
804	12.28	73.52	250.93642450322284	Sol modérément sodique – Risque modéré de sodicité	0.5921538750565994	High to very high	salin et non alcalin	20917.27	Saline-Sodic	S73927
\.


--
-- TOC entry 4382 (class 0 OID 83339)
-- Dependencies: 239
-- Data for Name: visualisation_soilquality; Type: TABLE DATA; Schema: public; Owner: postgres
--

COPY public.visualisation_soilquality (id, "Ph_level", "Organic_matter", "Cu", "Mn", "Fe", "Zn", "NNH4", "NO3", "NT", "P2O5", k2o, "Code_labo_id") FROM stdin;
322	8.34	3.409	1.49	19.86	6.02	1.68	3.07	97.67	0.21	106.79	421.24	S51495
323	8.18	5.592	1.09	5.34	3.41	4.72	3.24	20.04	0.22	308.67	389.5	S51496
324	8.8	1.469	1.1	4.84	4.48	0.37	1.43	5.5	0.05	60.25	405.94	S51497
325	8.84	1.362	1.11	4.47	4.13	0.43	2.69	0.23	0.1	62.72	415.69	S51498
326	8.54	2.259	1.5	6.64	5.75	0.57	2.52	27.87	0.1	62.43	591.29	S51499
327	7.61	2.504	0.49	5.35	3.1	0.48	7.85	6.44	0.1565	22.51	168.16	S51500
328	8.07	2.083	2.85	17.15	9.38	1.77	4.71	98.07	0.1301875	88.61	1409.09	S51501
329	8.66	1.606	1.07	1.64	2.64	0.51	0.98	6.99	0.100375	45.56	1220.69	S51502
330	7.85	2.668	2.36	26.52	8.67	1.79	11.98	77.93	0.16675	70.62	1578.14	S51503
331	8.18	1.668	2.15	17.69	6.74	1.02	18.36	47.85	0.10425	55.49	1560.86	S51504
332	8.77	1.389	1.37	7.09	5.39	0.4	3.4699999999999998	2.46	0.0868125	54.16	613.69	S51505
333	8.38	1.401	0.78	7.67	2.95	0.47	nan	NaN	NaN	62.3	407.09	S52007
334	8.36	1.691	0.71	6.9	2.58	0.36	nan	NaN	NaN	71.67	375.3	S52008
335	8.48	1.385	0.48	5.28	1.93	0.36	nan	NaN	NaN	68.22	442.52	S52009
336	8.25	1.329	0.68	7	2.02	0.29	nan	NaN	NaN	44.66	323.76	S52010
337	7.84	3.742	1.41	37.4	4.78	1.35	nan	NaN	NaN	54.96	804.47	S52066
338	8.04	3.564	1.48	22.21	4.59	1.51	nan	NaN	NaN	64.39	985.88	S52067
339	8.39	2.095	0.76	10.6	3.07	0.82	nan	NaN	NaN	80.6	381.34	S52019
340	8.2	1.658	0.99	10	3.47	0.44	nan	NaN	NaN	46.07	303.86	S52020
341	8.39	1.786	1.32	10.63	4.93	0.64	nan	NaN	NaN	44.17	293.56	S52021
342	8.4	1.749	2.16	13.22	5.64	1.07	nan	NaN	NaN	61.62	294.26	S52022
343	7.95	3.025	3.52	52.51	3.75	1.89	nan	NaN	NaN	170.78	645.74	S52043
344	8.83	2.476	1.38	19.18	6.11	0.75	nan	NaN	NaN	65.93	286.69	S52044
345	8.53	3.429	3.89	12.07	4.52	1.43	nan	NaN	NaN	44.17	305.08	S52045
346	8.48	3.177	1.43	17.61	4.2	2.42	nan	NaN	NaN	50.83	299.58	S52046
347	8.01	2.507	1.9	38.99	6.35	1.37	nan	NaN	NaN	65.93	433.94	S52047
348	8.09	2.118	1.9	28.69	4.66	1.18	nan	NaN	NaN	42.64	341.82	S52048
349	8.31	4.248	0.86	25.1	3.44	3.31	nan	NaN	NaN	65.87	572.99	S52049
350	8.58	3.533	1.21	16.36	4.46	1.18	nan	NaN	NaN	50.91	428.36	S52050
351	8.64	3.73	0.92	13.43	3.53	2.32	nan	NaN	NaN	41.71	548.27	S52039
352	8.68	2.474	0.84	6.61	3.25	1.07	nan	NaN	NaN	51.57	365.63	S52040
353	8.45	2.317	2.56	17.78	3.06	0.89	nan	NaN	NaN	43.1	476.62	S52041
354	8.59	3.146	0.93	13.45	3.11	3.36	nan	NaN	NaN	64.17	375.04	S52042
355	8.25	3.242	1.04	20.45	3.75	1.35	nan	NaN	NaN	83.13	515.02	S52056
356	8.2	3.254	0.8	14.14	2.48	1.06	nan	NaN	NaN	84.35	438.92	S52057
357	8.2	3.018	0.84	16.22	2.63	0.98	nan	NaN	NaN	77.01	466.53	S52058
358	8.1	3.302	0.84	17.06	2.9	1.02	nan	NaN	NaN	86.84	464.38	S52059
359	8.18	3.207	0.89	22.5	3.57	1.11	nan	NaN	NaN	86.16	477.51	S52060
360	8.73	4.612	0.67	6.96	3.72	3.19	nan	NaN	NaN	33.81	631.01	S52035
361	8.51	4.167	1	11.38	3.47	1.6	nan	NaN	NaN	71.59	539.74	S52036
362	7.88	2.553	1.49	28.54	2.17	1.1	nan	NaN	NaN	57.17	1286.51	S52037
363	8.3	2.561	1.25	15.98	3.61	0.97	nan	NaN	NaN	98.04	1006.87	S52038
364	7.94	4.925	0.88	27.96	2.92	2.05	nan	NaN	NaN	118.95	649.89	S52031
365	8.15	4.633	0.89	19.95	3.85	2.26	nan	NaN	NaN	228.24	821.58	S52032
366	8.26	3.742	0.71	11.44	3.8	0.61	nan	NaN	NaN	35.79	188.91	S52033
367	8.42	4.637	0.83	18.63	3.35	2.34	nan	NaN	NaN	100.39	526.14	S52034
368	8.39	1.436	0.44	8.11	2.22	0.52	nan	NaN	NaN	88.95	288.11	S52015
369	8.15	2.091	0.28	6.65	2.03	0.76	nan	NaN	NaN	179.33	275.75	S52016
370	8.28	0.856	0.25	3.81	1.31	0.27	nan	NaN	NaN	35.45	102.34	S52017
371	8.07	1.281	0.31	7.03	1.25	0.28	nan	NaN	NaN	51.85	198.89	S52018
372	8.22	1.726	0.6	10.21	2.73	0.37	nan	NaN	NaN	56.21	342.55	S52011
373	8.3	1.853	0.65	10.22	3.13	0.41	nan	NaN	NaN	56.1	363.05	S52012
374	8.36	1.668	0.51	9.67	2.5	0.39	nan	NaN	NaN	54.85	294.27	S52013
375	8.42	1.407	0.59	12.35	2.64	0.34	nan	NaN	NaN	49.53	285	S52014
376	8.53	1.214	0.47	5.58	1.72	0.26	nan	NaN	NaN	35.76	263.16	S52061
377	8.52	1.508	0.54	6.57	1.87	0.29	nan	NaN	NaN	30.66	268.64	S52062
378	7.86	3.727	0.97	27.47	1.84	2.92	nan	NaN	NaN	122.75	685.48	S52063
379	7.89	3.463	0.96	32.91	1.76	2.97	nan	NaN	NaN	102.53	659.73	S52064
380	7.91	3.36	1.02	30.01	1.72	3.05	nan	NaN	NaN	100.94	566.51	S52065
381	8.63	4.507	0.69	6.05	4.99	20.56	nan	NaN	NaN	50.49	351.53	S52028
382	8.22	4.459	1.51	5.94	3.4	4.94	nan	NaN	NaN	180.21	266.1	S51999
383	7.78	4.463	2.04	28.79	1.4	4.33	nan	NaN	NaN	158.91	450.7	S52000
384	7.94	11.26	0.53	10.64	2.23	5.32	nan	NaN	NaN	891.76	594.9	S52001
385	8.06	3.564	0.55	7.42	1.26	1.71	nan	NaN	NaN	117.64	506.77	S52002
386	8.28	2.29	0.67	5.22	2.24	0.5	nan	NaN	NaN	49.87	539.93	S52003
387	8.38	1.967	0.58	4.31	1.79	0.31	nan	NaN	NaN	35.76	512.04	S52004
388	8.75	1.757	0.51	2.99	1.67	0.32	nan	NaN	NaN	52.98	697.57	S52005
389	8.81	1.946	0.56	5.59	1.99	0.39	nan	NaN	NaN	55.64	987.53	S52006
390	8.42	2.233	0.54	2.47	2.92	0.33	nan	NaN	NaN	57.28	1005.88	S52051
391	8.42	2.2	0.61	3.3	1.26	0.35	nan	NaN	NaN	58.47	931.41	S52052
392	7.95	4.478	1.03	31.25	2.19	3.56	nan	NaN	NaN	219.42	661.33	S52053
393	8.44	2.02	0.59	2.63	1.26	0.33	nan	NaN	NaN	68.83	910.04	S52054
394	8.41	2.066	0.53	2.1	0.96	0.31	nan	NaN	NaN	55.07	995.79	S52055
395	8.57	3.595	2.75	14.17	4.63	4.57	nan	NaN	NaN	52.76	668.41	S52023
396	8.33	5.122	0.93	22.39	4.21	5.32	nan	NaN	NaN	60.32	668.51	S52024
397	8.57	3.216	1.22	10.81	4.14	2.95	nan	NaN	NaN	60.15	531.37	S52025
398	8.35	5.53	0.94	21.11	5.66	11.08	nan	NaN	NaN	39.27	517.73	S52026
399	7.91	3.68	1.48	19.97	5.98	1.15	nan	NaN	NaN	47.03	1402.98	S52068
400	7.9	3.184	1.16	30.08	3.3	1.18	nan	NaN	NaN	40.97	714.06	S52069
401	7.88	3.324	1.58	54.89	5.38	1.52	nan	NaN	NaN	71.15	942.52	S52070
402	7.9	3.455	1.55	33.27	5.81	1.45	nan	NaN	NaN	59.88	1030.3	S52071
403	7.97	3.862	1.49	21.18	6.58	1.4	nan	NaN	NaN	82.56	755.55	S52072
404	7.99	3.583	1.73	41.44	6	1.47	nan	NaN	NaN	69.99	958.08	S52073
405	7.76	3.885	1.86	111.93	6.48	1.87	nan	NaN	NaN	75.46	676.28	S52074
406	7.85	3.415	1.9	76.39	5.94	2.77	nan	NaN	NaN	77.67	850.88	S52075
407	7.95	3.409	1.97	47.08	9.7	1.92	nan	NaN	NaN	90.3	687.2	S52076
408	8.27	2.868	1.01	11.09	3.99	0.77	nan	NaN	NaN	40.68	581.17	S52077
409	8.08	3.434	1.77	30.08	6.48	1.79	nan	NaN	NaN	67.73	1237.1	S52078
410	8.33	2.117	1.83	7.75	4.66	0.93	nan	NaN	NaN	77.07	1149.35	S52079
411	8.11	2.5	0.94	9.32	3.7	0.61	nan	NaN	NaN	35.7	727.14	S52080
412	7.85	3.659	1.5	45.36	5	1.38	nan	NaN	NaN	47.65	911.75	S52081
413	8.08	3.052	1.77	18.71	5.97	1.09	nan	NaN	NaN	59.49	1084.99	S52082
414	7.91	3.653	1.89	26.92	8.89	2.18	nan	NaN	NaN	63.42	1675.07	S52083
415	8.09	1.557	1.55	12.78	2.51	0.75	nan	NaN	NaN	56.37	525.44	S52084
416	8.08	1.398	1.49	11.33	2.49	0.65	nan	NaN	NaN	54.56	522.95	S52085
417	8.06	1.588	1.28	15.62	1.89	0.83	nan	NaN	NaN	61.21	508.77	S52086
418	8.12	1.417	1.55	10.94	2.77	0.69	nan	NaN	NaN	59.85	515.75	S52087
419	8.03	1.427	1.52	13.66	2.58	0.68	nan	NaN	NaN	55.61	501.19	S52088
420	8.18	1.406	1.52	11.44	2.62	0.61	nan	NaN	NaN	63.59	485.05	S52089
421	8.06	1.617	1.45	15.67	2.14	0.85	nan	NaN	NaN	53.4	523.89	S52090
422	8	1.45	1.42	12.33	2.35	0.64	nan	NaN	NaN	56.4	525.65	S52091
423	8.08	1.619	1.55	15.45	2.43	0.78	nan	NaN	NaN	60.9	518.25	S52092
424	8.15	1.613	1.42	12.56	2.36	0.71	nan	NaN	NaN	57.22	534.04	S52093
425	7.98	1.665	1.28	17	1.71	0.84	nan	NaN	NaN	56.15	550.94	S52094
426	8.09	1.454	1.42	11.46	2.36	0.6	nan	NaN	NaN	59.91	506.85	S52095
427	8.01	1.601	1.44	18.62	1.92	0.98	nan	NaN	NaN	55.07	537.94	S52096
428	8.03	1.791	1.3	13.87	1.97	0.75	nan	NaN	NaN	68.12	538.76	S52097
429	7.99	1.706	1.39	18.66	1.81	0.94	nan	NaN	NaN	56.48	542.04	S52098
430	7.98	1.77	1.38	17.53	2.05	0.89	nan	NaN	NaN	56.51	517.02	S52099
431	8.16	1.594	1.52	12.49	2.25	0.69	nan	NaN	NaN	58.3	521.44	S52100
432	8.46	1.5386	2.4699999999999998	17.3	11.629999999999999	0.77	nan	NaN	0.1	60	1210.02	S53805
433	8.22	1.7554	1.98	12.51	5.83	0.44	nan	NaN	0.09	48	1040.89	S53806
434	8.19	3.1349	1.6799999999999997	26.419999999999998	10.62	1.04	nan	NaN	0.12	67	913.09	S53807
435	8.12	2.5568	1.38	18.419999999999998	7.250000000000001	0.53	nan	NaN	0.13	59	527.67	S53808
436	8.56	3.3028	1.2999999999999998	6.58	2.66	0.8800000000000001	nan	NaN	0.15	69	793.4	S53809
437	8.88	2.9096	1.2199999999999998	6.05	2.45	0.78	nan	NaN	0.12	73	614.92	S53810
438	8.58	3.2773	1.69	24.41	6.92	1.31	nan	NaN	0.15	80	1314.47	S53811
439	8.6	3.0223	1.25	8.2	2.5999999999999996	0.8700000000000001	nan	NaN	0.16	62	740.5	S53812
440	8.24	5.8493	1.19	22.86	6.08	1.89	nan	NaN	0.24	132	988.68	S53813
441	8.04	5.4964	0.9400000000000001	12.03	2.96	1.22	nan	NaN	0.28	79	364.14	S53814
442	8.41	3.1838	2.04	11.59	6.45	0.94	nan	NaN	0.07	91	1112.04	S53815
443	8.69	2.7821	1.27	3.9800000000000004	2.0599999999999996	0.51	nan	NaN	0.05	66	866.76	S53816
444	8.55	1.4175	1.6599999999999997	7.3500000000000005	6.0600000000000005	0.75	nan	NaN	0.02	71	573.18	S53817
445	8.74	1.0667	1.3899999999999997	3.87	2.76	0.29	nan	NaN	0.07	53	605	S53818
446	8.67	3.43	0.7000000000000001	7.89	3.87	1.4200000000000002	nan	NaN	0.18	38.03	465.97	S54264
447	8.1	4.15	1.1099999999999999	22.779999999999998	3.26	0.97	nan	NaN	0.19	34.95	674.07	S54265
448	8.57	1.15	1.0299999999999998	11.92	6.53	0.38999999999999996	nan	NaN	0.09	53.73	355.49	S54266
449	8.35	0.89	0.66	13.879999999999999	4.8500000000000005	0.31	nan	NaN	0.07	47.28	287.48	S54267
450	8.53	1.27	0.9899999999999999	10.34	5.57	0.32	nan	NaN	0.08	52.53	339.77	S54268
451	8.43	0.69	0.9600000000000001	11.28	5.430000000000001	0.35000000000000003	nan	NaN	0.09	62.55	375.02	S54269
452	8.09	4.06	1.25	34.14	4.7700000000000005	1.57	nan	NaN	0.2	40.2	673.41	S54270
453	7.63	3.65	1.38	46.61	2.87	3.51	nan	NaN	0.16	112.2	799.98	S54271
454	8.19	3.48	1.0899999999999999	12.67	3.04	1.07	nan	NaN	0.17	41.49	488.01	S54272
455	8.32	0.74	0.63	9.45	3.0700000000000003	0.3	nan	NaN	0.06	31.82	279.31	S54273
456	7.81	4.73	2.04	64.52	16.13	7.1	nan	NaN	0.18	390.39	1144.16	S54274
457	8.51	5.6	0.87	15.049999999999999	2.7199999999999998	3.1799999999999997	nan	NaN	0.24	39.73	605.5	S54275
458	8.64	3.18	0.99	9.26	2.81	0.94	nan	NaN	0.13	33.19	773	S54276
459	8.32	0.806	0.99	16.21	4.86	0.75	<0,5	26.42	0.060375	59.84	426.92	S55239
460	8.12	1.009	0.88	4.88	2.83	0.65	<0,5	26.07	0.0630625	35.52	607.12	S55240
461	8.44	0.258	1.32	9.12	6.11	0.45	<0,5	22.73	0.0425	95.08	516.67	S55241
462	8.19	0.694	0.81	3.73	2.95	0.33	<0,5	47.56	0.043375	69.63	505.14	S55242
463	8.35	1.126	1.09	22.07	9.96	0.75	<0,5	35.26	0.070375	87.52	447.89	S55243
464	8.15	1.195	0.77	5.12	3.68	0.58	<0,5	47.05	0.0746875	51.34	418.59	S55244
465	8.27	0.536	0.72	8.41	7.09	0.34	<0,5	54.18	0.035	41.82	219.44	S55245
466	8.03	0.548	0.48	4.87	3.56	0.3	<0,5	128.44	0.03425	31.7	194.65	S55246
467	8.52	0.806	0.97	9.01	5.71	0.27	<0,5	39.7	0.050375	42.97	298.09	S55247
468	8.44	0.694	0.7	3.67	3.7	0.22	<0,5	68.31	0.04375	38.26	277.38	S55248
469	8.77	0.815	1.2	9.48	5.03	0.35	<0,5	1.5	0.059375	59.61	501.73	S55249
470	8.8	0.863	0.99	6.02	3	0.27	<0,5	8.66	0.0539375	40.57	402.88	S55250
471	8.79	1.449	1.56	14.15	6.55	0.5	<0,5	0.41	0.0905625	60.52	264.02	S55251
472	7.95	1.573	1.25	16.08	3.72	0.4	<0,5	173.03	0.0983125	49.75	269.21	S55252
473	8.53	1.631	1.65	20.8	7.09	0.51	<0,5	65.96	0.11	69.6	429.05	S55253
474	8.31	1.569	1.25	10.68	3.8	0.34	<0,5	39.79	0.0980625	49.38	318.5	S55254
475	8.01	1.121	0.8	11.67	4.17	0.33	<0,5	4.36	0.0700625	42.92	185.64	S55255
476	8.03	1.307	0.54	6.25	2.07	0.3	<0,5	11.88	0.0816875	40.83	154.28	S55256
477	7.97	2.219	2.49	59.74	11.09	1.77	3.19	95.05	0.13	80.69	1458.75	S55257
478	8.14	1.545	1.49	7.88	6.41	0.76	<0,5	36.51	0.0965625	58.69	2101.94	S55258
479	8.46	1.786	3.08	10.31	26.57	1.07	<0,5	5.25	0.111625	103.94	1294.24	S55259
480	8.26	1.619	1.78	5.17	9.02	0.8	<0,5	11.61	0.1011875	71.51	1409.6	S55260
481	8.38	0.648	0.58	4.58	7.32	0.66	<0,5	27.98	0.05	49.35	328.52	S55261
482	8.74	1.428	0.69	3.92	1.83	0.35	<0,5	16.52	0.08925	62.98	774.5	S55263
483	8.46	0.305	0.85	0.98	3.56	0.31	18.21	3.1	0.06	19.96	147.67	S56863
484	8.59	0.256	0.72	0.43	2.54	0.22	15.12	2.04	0.05	18.46	129.96	S56864
485	8.1	3.019	3.06	21.52	15.99	2.26	19.66	2.37	0.15	72.34	1541.79	S56867
486	8.38	1.286	2.69	14.71	16.32	0.9	18.06	1.31	0.08	60.12	1470.9	S56873
487	8.45	1.053	2.2	6.61	11.28	0.64	14.21	3	0.08	47.44	1383	S56874
488	8.19	2.521	3.28	50.96	18.65	1.65	51.98	8.27	0.014	86.94	1364.2	S56875
489	8.51	1.765	2.2	5.62	11.38	0.65	29.06	0.75	0.011	67.14	1812.38	S56876
490	8.18	2.145	3.44	42.96	17.06	1.9	51.47	9.03	0.13	88.18	1156.54	S56877
491	8.48	1.42	2.41	5.14	11.82	0.65	28.65	2.64	0.09	46.62	1519.7	S56878
492	8.31	1.206	2.97	12.7	18.98	0.87	20.2	5.01	0.05	72.02	1440.96	S56879
493	8.46	1.6	2.59	10.54	14.34	0.76	50.05	6.68	0.09	57.16	1562.87	S56880
494	8.39	1.255	2.72	14.06	15.75	0.83	17.11	2.33	0.08	93.12	1421.46	S56881
495	8.1	3.191	3.58	66.73	27.37	2.27	53.04	12.21	0.15	123.75	1185.96	S56883
496	8.47	1.381	2.66	10.91	16.67	0.75	10.16	2.02	0.09	84.92	1416.5	S56885
497	8.5	1.855	2	5.95	11.06	0.52	39.28	3.96	0.09	66.11	1597.58	S56886
498	8.45	2.678	2.89	36.21	16.68	1.3	24.65	7.05	0.15	88.63	1458.23	S56887
499	8.49	1.819	2.06	4.5	11.81	0.64	52.49	0.9	0.098	46.88	1642.58	S56888
500	8.2	3.017	3.03	83.97	12.33	1.9	43.35	8.18	0.15	88.76	670.2	S56889
501	8.19	2.327	2.8	20.02	13.73	1.23	56.86	2.24	0.14	61.17	984.9	S56890
502	8.21	2.499	3.05	70.03	12.61	1.8	53.6	3.37	0.14	89.57	836.98	S56891
503	8.07	3.426	3.68	126.6	26.71	2.95	26.52	8.17	0.17	66.88	1895.27	S56911
504	8.89	0.974	0.98	2.79	1.27	0.67	<0.5	47.26	0.0712	65.45	686.95	S57083
505	9.13	0.744	0.6	0.74	0.51	0.33	<0.5	33.98	0.0547	47.25	593.73	S57084
506	8.38	1.557	2.34	6.4	3.28	0.62	<0.5	28.33	0.1129	71.16	1375.23	S57085
507	8.21	1.577	1.64	2.88	1.09	0.74	1.56	63.28	0.1143	55.75	1374.7	S57086
508	8.09	2.266	2.01	1.84	2.09	1.29	<0.5	31.64	0.1636	155.15	1445.2	S57087
509	8.2	0.854	0.98	0.36	0.42	0.74	<0.5	12.51	0.0626	46.35	1553.56	S57088
510	9.04	1.798	0.6	1.57	0.55	0.87	<0.5	0.28	0.1301	99.58	1244.36	S57089
511	8.94	1.262	0.9	1.7	0.84	0.54	<0.5	1.75	0.0918	45.27	1006.38	S57090
512	8.32	1.577	0.91	5.74	0.92	0.48	<0.5	80.59	0.1143	77.19	897.94	S57092
513	8.62	1.454	0.9	2.42	3.46	0.7	<0.5	9.64	0.1055	57.23	601.53	S57093
514	8.85	0.806	0.75	0.84	1.29	0.47	<0.5	11.25	0.0592	37.66	512.47	S57094
515	8.58	2.369	2.44	16.58	2.31	0.38	<0.5	18.86	0.171	99.1	1308.03	S57095
516	8.37	1.707	1.34	2.69	1.23	0.39	<0.5	17.99	0.1236	56.2	1029.71	S57096
517	8.67	1.54	NaN	NaN	NaN	NaN	nan	NaN	NaN	37	520	S73824
518	8.48	0.97	NaN	NaN	NaN	NaN	nan	NaN	NaN	22	611	S73825
519	8.47	2.25	NaN	NaN	NaN	NaN	nan	NaN	NaN	87	914	S73826
520	8.71	1.27	NaN	NaN	NaN	NaN	nan	NaN	NaN	35	672	S73827
521	8.47	1.21	NaN	NaN	NaN	NaN	nan	NaN	NaN	43	830	S73828
522	8.07	1.6	NaN	NaN	NaN	NaN	nan	NaN	NaN	56	792	S73829
523	8.34	1.27	NaN	NaN	NaN	NaN	nan	NaN	NaN	65	823	S73830
524	8.58	1.19	NaN	NaN	NaN	NaN	nan	NaN	NaN	47	917	S73831
525	8.63	1.72	NaN	NaN	NaN	NaN	nan	NaN	NaN	55	984	S73832
526	8.71	0.92	NaN	NaN	NaN	NaN	nan	NaN	NaN	23	872	S73833
527	8.75	0.94	NaN	NaN	NaN	NaN	nan	NaN	NaN	32	1116	S73834
528	8.6	1.42	NaN	NaN	NaN	NaN	nan	NaN	NaN	39	365	S73835
529	8.45	1.02	NaN	NaN	NaN	NaN	nan	NaN	NaN	40	378	S73836
530	8.4	2.38	NaN	NaN	NaN	NaN	nan	NaN	NaN	40	368	S73837
531	8.59	1.19	NaN	NaN	NaN	NaN	nan	NaN	NaN	21	262	S73838
532	8.37	1.68	NaN	NaN	NaN	NaN	nan	NaN	NaN	34	552	S73839
533	8.4	1.27	NaN	NaN	NaN	NaN	nan	NaN	NaN	40	873	S73840
534	8.45	1.52	NaN	NaN	NaN	NaN	nan	NaN	NaN	43	416	S73841
535	8.08	1.04	NaN	NaN	NaN	NaN	nan	NaN	NaN	70	510	S73842
536	8.26	2.28	NaN	NaN	NaN	NaN	nan	NaN	NaN	54	474	S73843
537	8.42	1.51	NaN	NaN	NaN	NaN	nan	NaN	NaN	70	261	S73844
538	8.4	1.14	NaN	NaN	NaN	NaN	nan	NaN	NaN	52	863	S73845
539	8.45	1.37	NaN	NaN	NaN	NaN	nan	NaN	NaN	92	1164	S73846
540	8.3	1.1	NaN	NaN	NaN	NaN	nan	NaN	NaN	43	555	S73847
541	8.54	0.88	NaN	NaN	NaN	NaN	nan	NaN	NaN	38	456	S73848
542	8.71	1.14	NaN	NaN	NaN	NaN	nan	NaN	NaN	42	361	S73849
543	8.45	2.03	NaN	NaN	NaN	NaN	nan	NaN	NaN	46	443	S73850
544	8.61	1.23	NaN	NaN	NaN	NaN	nan	NaN	NaN	27	683	S73851
545	8.01	0.65	NaN	NaN	NaN	NaN	nan	NaN	NaN	27	278	S73852
546	8.66	0.58	NaN	NaN	NaN	NaN	nan	NaN	NaN	12	200	S73853
547	8.18	0.76	NaN	NaN	NaN	NaN	nan	NaN	NaN	28	338	S73854
548	8.13	0.65	NaN	NaN	NaN	NaN	nan	NaN	NaN	13	249	S73855
549	8.11	1.08	NaN	NaN	NaN	NaN	nan	NaN	NaN	37	458	S73856
550	8.03	1.06	NaN	NaN	NaN	NaN	nan	NaN	NaN	13	387	S73857
551	8.25	1.13	NaN	NaN	NaN	NaN	nan	NaN	NaN	41	504	S73858
552	8.04	1.17	NaN	NaN	NaN	NaN	nan	NaN	NaN	19	444	S73859
553	8.18	1.29	NaN	NaN	NaN	NaN	nan	NaN	NaN	43	537	S73860
554	8.02	1.34	NaN	NaN	NaN	NaN	nan	NaN	NaN	18	457	S73861
555	8.41	0.75	NaN	NaN	NaN	NaN	nan	NaN	NaN	42	385	S73862
556	7.97	1.17	NaN	NaN	NaN	NaN	nan	NaN	NaN	27	356	S73863
557	8.03	2.68	NaN	NaN	NaN	NaN	nan	NaN	NaN	19	1354	S73864
558	8.18	1.31	NaN	NaN	NaN	NaN	nan	NaN	NaN	26	626	S73865
559	8.33	2.17	NaN	NaN	NaN	NaN	nan	NaN	NaN	31	760	S73866
560	8.21	1.22	NaN	NaN	NaN	NaN	nan	NaN	NaN	31	440	S73867
561	8.36	3.23	NaN	NaN	NaN	NaN	nan	NaN	NaN	24	973	S73868
562	8.28	2.11	NaN	NaN	NaN	NaN	nan	NaN	NaN	30	592	S73869
563	8.18	1.47	NaN	NaN	NaN	NaN	nan	NaN	NaN	22	233	S73870
564	8.18	1.78	NaN	NaN	NaN	NaN	nan	NaN	NaN	17	248	S73871
565	8.24	1.5	NaN	NaN	NaN	NaN	nan	NaN	NaN	63	441	S73872
566	8.26	1.49	NaN	NaN	NaN	NaN	nan	NaN	NaN	49	385	S73873
567	8.33	1.33	NaN	NaN	NaN	NaN	nan	NaN	NaN	23	185	S73874
568	8.35	1.14	NaN	NaN	NaN	NaN	nan	NaN	NaN	13	290	S73875
569	8.63	0.77	NaN	NaN	NaN	NaN	nan	NaN	NaN	30	178	S73876
570	8.02	0.89	NaN	NaN	NaN	NaN	nan	NaN	NaN	19	417	S73877
571	8.4	0.52	NaN	NaN	NaN	NaN	nan	NaN	NaN	30	177	S73878
572	7.92	0.75	NaN	NaN	NaN	NaN	nan	NaN	NaN	15	145	S73879
573	8.47	0.74	NaN	NaN	NaN	NaN	nan	NaN	NaN	33	232	S73880
574	8.16	0.91	NaN	NaN	NaN	NaN	nan	NaN	NaN	18	168	S73881
575	8.58	0.88	NaN	NaN	NaN	NaN	nan	NaN	NaN	36	169	S73882
576	8.11	0.78	NaN	NaN	NaN	NaN	nan	NaN	NaN	14	140	S73883
577	8.35	1.05	NaN	NaN	NaN	NaN	nan	NaN	NaN	40	270	S73884
578	7.99	1.34	NaN	NaN	NaN	NaN	nan	NaN	NaN	19	246	S73885
579	8.64	1.33	NaN	NaN	NaN	NaN	nan	NaN	NaN	47	267	S73886
580	8.03	1.56	NaN	NaN	NaN	NaN	nan	NaN	NaN	22	356	S73887
581	8.63	1.5	NaN	NaN	NaN	NaN	nan	NaN	NaN	51	342	S73888
582	8.1	1.59	NaN	NaN	NaN	NaN	nan	NaN	NaN	24	459	S73889
583	8.58	1.43	NaN	NaN	NaN	NaN	nan	NaN	NaN	49	298	S73890
584	8.04	1.63	NaN	NaN	NaN	NaN	nan	NaN	NaN	24	331	S73891
585	8.61	1.31	NaN	NaN	NaN	NaN	nan	NaN	NaN	49	210	S73892
586	8.07	1.8	NaN	NaN	NaN	NaN	nan	NaN	NaN	29	346	S73893
587	9	1.07	NaN	NaN	NaN	NaN	nan	NaN	NaN	49	237	S73894
588	8.44	1.44	NaN	NaN	NaN	NaN	nan	NaN	NaN	37	286	S73895
589	7.96	3.26	NaN	NaN	NaN	NaN	nan	NaN	NaN	69	1119	S73896
590	8.4	1.69	NaN	NaN	NaN	NaN	nan	NaN	NaN	49	860	S73897
591	8.06	2.79	NaN	NaN	NaN	NaN	nan	NaN	NaN	67	1057	S73898
592	8.15	1.54	NaN	NaN	NaN	NaN	nan	NaN	NaN	40	1381	S73899
593	8.06	2.49	NaN	NaN	NaN	NaN	nan	NaN	NaN	60	1592	S73900
594	8.24	1.46	NaN	NaN	NaN	NaN	nan	NaN	NaN	40	1230	S73901
595	8.1	2.56	NaN	NaN	NaN	NaN	nan	NaN	NaN	67	1578	S73902
596	8.28	1.52	NaN	NaN	NaN	NaN	nan	NaN	NaN	38	1223	S73903
597	7.98	2.76	NaN	NaN	NaN	NaN	nan	NaN	NaN	55	1516	S73904
598	8.39	1.55	NaN	NaN	NaN	NaN	nan	NaN	NaN	36	1272	S73905
599	8.03	2.77	NaN	NaN	NaN	NaN	nan	NaN	NaN	57	1490	S73906
600	8.21	1.47	NaN	NaN	NaN	NaN	nan	NaN	NaN	38	1177	S73907
601	8.02	2.76	NaN	NaN	NaN	NaN	nan	NaN	NaN	69	1395	S73908
602	8.29	1.45	NaN	NaN	NaN	NaN	nan	NaN	NaN	35	1162	S73909
603	7.96	3.01	NaN	NaN	NaN	NaN	nan	NaN	NaN	61	788	S73910
604	8.28	1.56	NaN	NaN	NaN	NaN	nan	NaN	NaN	42	1017	S73911
605	8.02	2.91	NaN	NaN	NaN	NaN	nan	NaN	NaN	58	1289	S73912
606	8.23	1.61	NaN	NaN	NaN	NaN	nan	NaN	NaN	39	1004	S73913
607	7.98	3.24	NaN	NaN	NaN	NaN	nan	NaN	NaN	72	1353	S73914
608	8.22	1.44	NaN	NaN	NaN	NaN	nan	NaN	NaN	42	1192	S73915
609	8	2.87	NaN	NaN	NaN	NaN	nan	NaN	NaN	63	1426	S73916
610	8.32	1.58	NaN	NaN	NaN	NaN	nan	NaN	NaN	44	1188	S73917
611	8.09	2.53	NaN	NaN	NaN	NaN	nan	NaN	NaN	64	1507	S73918
612	8.27	1.52	NaN	NaN	NaN	NaN	nan	NaN	NaN	43	1209	S73919
613	8.09	2.9	NaN	NaN	NaN	NaN	nan	NaN	NaN	72	1521	S73920
614	8.3	1.67	NaN	NaN	NaN	NaN	nan	NaN	NaN	49	1334	S73921
615	8.11	2.47	NaN	NaN	NaN	NaN	nan	NaN	NaN	63	1433	S73922
616	8.15	1.61	NaN	NaN	NaN	NaN	nan	NaN	NaN	37	1145	S73923
617	8.02	2.91	NaN	NaN	NaN	NaN	nan	NaN	NaN	58	1386	S73924
618	8.19	1.6	NaN	NaN	NaN	NaN	nan	NaN	NaN	39	1091	S73925
619	8.1	2.6	NaN	NaN	NaN	NaN	nan	NaN	NaN	62	1157	S73926
620	8.16	1.47	NaN	NaN	NaN	NaN	nan	NaN	NaN	42	1028	S73927
\.


--
-- TOC entry 4383 (class 0 OID 83344)
-- Dependencies: 240
-- Data for Name: visualisation_soilsample; Type: TABLE DATA; Schema: public; Owner: postgres
--

COPY public.visualisation_soilsample ("Code_labo", localisation, "Depth", "Date_collect", "Date_edition") FROM stdin;
S51495	0101000020E610000086764EB340DB1EC0338AE59656094040	Surface	2022-06-07	2022-06-27
S51496	0101000020E610000002637D0393DB1EC0406CE9D154094040	Surface	2022-06-07	2022-06-27
S51497	0101000020E6100000DA8EA9BBB2DB1EC09468C9E369094040	Surface	2022-06-07	2022-06-27
S51498	0101000020E61000001DCC26C0B0DC1EC0CAFACDC474094040	Surface	2022-06-07	2022-06-27
S51499	0101000020E61000005B5F24B4E5DC1EC04C530438BD094040	Surface	2022-06-07	2022-06-27
S51500	0101000020E6100000213CDA3862DD1EC0FA0AD28C450B4040	Surface	2022-06-07	2022-06-27
S51501	0101000020E6100000478FDFDBF4F71EC033198EE7330E4040	Surface	2022-06-07	2022-06-27
S51502	0101000020E61000001407D0EFFBF71EC00F0F61FC340E4040	Profondeur	2022-06-07	2022-06-27
S51503	0101000020E6100000A81C93C5FDE71EC0FB75A73B4F0E4040	Surface	2022-06-07	2022-06-27
S51504	0101000020E6100000E17EC00303E81EC0185B0872500E4040	Surface	2022-06-07	2022-06-27
S51505	0101000020E6100000E17EC00303E81EC0185B0872500E4040	Profondeur	2022-06-07	2022-06-27
S52007	0101000020E61000005D177E703EA51EC0AF42CA4FAA094040	Surface	2022-06-10	2022-07-04
S52008	0101000020E61000005D177E703EA51EC0C1C58A1A4C133F40	Surface	2022-06-10	2022-07-04
S52009	0101000020E6100000E9B81AD995A61EC05AF5B9DA8A094040	Surface	2022-06-10	2022-07-04
S52010	0101000020E61000000C5C1E6B46A61EC095D6DF1280094040	Surface	2022-06-10	2022-07-04
S52066	0101000020E6100000271422E010EA1EC0F59D5F94A00B4040	Surface	2022-06-10	2022-07-04
S52067	0101000020E6100000A9FA95CE87E71EC0307F85CC950B4040	Surface	2022-06-10	2022-07-04
S52019	0101000020E610000066DCD440F3991EC0AF94658863094040	Surface	2022-06-13	2022-07-04
S52020	0101000020E610000070ED444948A41EC073A25D8594094040	Surface	2022-06-13	2022-07-04
S52021	0101000020E6100000525F96766AAE1EC08BA2495A58094040	Surface	2022-06-13	2022-07-04
S52022	0101000020E6100000AED85F764FAE1EC0C7BC8E3864094040	Surface	2022-06-13	2022-07-04
S52043	0101000020E6100000179CC1DF2FF61EC0454AB3791C124040	Surface	2022-06-13	2022-07-04
S52044	0101000020E6100000D57B2AA73DF51EC06B9F8EC70C124040	Surface	2022-06-13	2022-07-04
S52045	0101000020E61000009E29745E63F71EC03716140665124040	Surface	2022-06-13	2022-07-04
S52046	0101000020E61000009E29745E63F71EC076FBAC3253124040	Surface	2022-06-13	2022-07-04
S52047	0101000020E61000006891ED7C3FF51EC0F7949C137B124040	Surface	2022-06-13	2022-07-04
S52048	0101000020E610000025EA059FE6F41EC01844A4A65D124040	Surface	2022-06-13	2022-07-04
S52049	0101000020E61000002BA226FA7CF41EC03F3BE0BA62124040	Surface	2022-06-13	2022-07-04
S52050	0101000020E610000000378B170BF31EC06DE34F5436124040	Surface	2022-06-13	2022-07-04
S52039	0101000020E61000002E1D739EB1FF1EC07B849A2155124040	Surface	2022-06-13	2022-07-04
S52040	0101000020E61000008B355CE49EFE1EC08141D2A755124040	Surface	2022-06-13	2022-07-04
S52041	0101000020E61000009D7FBBECD7FD1EC0A4FACE2F4A124040	Surface	2022-06-13	2022-07-04
S52042	0101000020E61000003561FBC918FF1EC0E8FA3E1C24124040	Surface	2022-06-13	2022-07-04
S52056	0101000020E6100000FD14C78157DB1EC0BEC1172653094040	Surface	2022-06-13	2022-07-04
S52057	0101000020E61000003B730F09DFDB1EC0FF76D9AF3B094040	Surface	2022-06-13	2022-07-04
S52058	0101000020E6100000EC6987BF26DB1EC015C9570229094040	Surface	2022-06-13	2022-07-04
S52059	0101000020E6100000D63BDC0E0DDB1EC0E3C5C21039094040	Surface	2022-06-13	2022-07-04
S52060	0101000020E61000000D51853FC3DB1EC0C495B37746094040	Surface	2022-06-13	2022-07-04
S52035	0101000020E6100000DA9255116EF21EC0FE7DC68503154040	Surface	2022-06-13	2022-07-04
S52036	0101000020E6100000632992AF04F21EC08483BD8921154040	Surface	2022-06-13	2022-07-04
S52037	0101000020E6100000016C4084B8F21EC01899805F23154040	Surface	2022-06-13	2022-07-04
S52038	0101000020E6100000396403E962F31EC071C79BFC16154040	Surface	2022-06-13	2022-07-04
S52031	0101000020E6100000058BC3995FED1EC0B42094F771144040	Surface	2022-06-13	2022-07-04
S52032	0101000020E6100000327381CB63ED1EC0F8C264AA60144040	Surface	2022-06-13	2022-07-04
S52033	0101000020E61000000116F9F543EC1EC03F52448655144040	Surface	2022-06-13	2022-07-04
S52034	0101000020E6100000FF1F274C18ED1EC0DF6C73637A144040	Surface	2022-06-13	2022-07-04
S52015	0101000020E61000006823D74D29AF1EC0D6011077F5044040	Surface	2022-06-13	2022-07-04
S52016	0101000020E6100000C85EEFFE78AF1EC016325706D5044040	Surface	2022-06-13	2022-07-04
S52017	0101000020E61000004AD3A0681EB01EC005DD5ED218054040	Surface	2022-06-13	2022-07-04
S52018	0101000020E6100000D82B2CB81FB01EC005DD5ED218054040	Surface	2022-06-13	2022-07-04
S52011	0101000020E6100000D42CD0EE90B21EC0289D4830D5084040	Surface	2022-06-13	2022-07-04
S52012	0101000020E610000072874D64E6B21EC071FF91E9D0113F40	Surface	2022-06-13	2022-07-04
S52013	0101000020E610000083BEF4F6E7B21EC049F4328AE5084040	Surface	2022-06-13	2022-07-04
S52014	0101000020E6100000942F682101B31EC024F0879FFF084040	Surface	2022-06-13	2022-07-04
S52061	0101000020E61000000D39B69E21AC1EC0EE5F596952084040	Surface	2022-06-14	2022-07-04
S52062	0101000020E6100000170FEF39B0AC1EC01AF7E6374C084040	Surface	2022-06-14	2022-07-04
S52063	0101000020E610000091B6F1272AAB1EC05EBC1FB75F084040	Surface	2022-06-14	2022-07-04
S52064	0101000020E6100000A053909F8DAC1EC0C498F4F752084040	Surface	2022-06-14	2022-07-04
S52065	0101000020E6100000959A3DD00AAC1EC0F2B4FCC055084040	Surface	2022-06-14	2022-07-04
S52027	0101000020E61000001E6D1CB116EF1EC02594BE1072144040	Surface	2022-06-14	2022-07-04
S52028	0101000020E6100000FC8A355CE4EE1EC025B1A4DC7D144040	Surface	2022-06-14	2022-07-04
S52029	0101000020E61000002AFF5A5EB9EE1EC0F7C8E6AA79144040	Surface	2022-06-14	2022-07-04
S52030	0101000020E61000002AA8A8FA95EE1EC0C72DE6E786144040	Surface	2022-06-14	2022-07-04
S51999	0101000020E6100000111E6D1CB1B61EC0F37684D382094040	Surface	2022-06-14	2022-07-04
S52000	0101000020E610000087A4164A26B71EC0F0DAA50D87094040	Surface	2022-06-14	2022-07-04
S52001	0101000020E61000002A83B4102EB61EC03A747ADE8D094040	Surface	2022-06-14	2022-07-04
S52002	0101000020E61000002B137EA99FB71EC0C7D9740470094040	Surface	2022-06-14	2022-07-04
S52003	0101000020E6100000A60F5D50DFF21EC0FC19DEACC1074040	Surface	2022-06-14	2022-07-04
S52004	0101000020E6100000A08CF161F6F21EC067B96C74CE074040	Surface	2022-06-14	2022-07-04
S52005	0101000020E6100000D2FE0758ABF61EC08066101FD8074040	Surface	2022-06-14	2022-07-04
S52006	0101000020E610000063EFC517EDF11EC0639813B4C9074040	Surface	2022-06-14	2022-07-04
S52051	0101000020E6100000A8FE412443AE1EC04260E5D022094040	Surface	2022-06-14	2022-07-04
S52052	0101000020E6100000DA1CE736E1AE1EC0785F950B95094040	Surface	2022-06-14	2022-07-04
S52053	0101000020E6100000EBE40CC51DAF1EC005172B6A30094040	Surface	2022-06-14	2022-07-04
S52054	0101000020E610000025E659492BAE1EC00708E6E8F1094040	Surface	2022-06-14	2022-07-04
S52055	0101000020E610000042D13C8045AE1EC0A8E3310395094040	Surface	2022-06-14	2022-07-04
S52023	0101000020E610000057410C74EDAB1EC0008C67D0D0094040	Surface	2022-06-14	2022-07-04
S52024	0101000020E6100000404D2D5BEBAB1EC006836BEEE8094040	Surface	2022-06-14	2022-07-04
S52025	0101000020E6100000460A65E1EBAB1EC006836BEEE8094040	Surface	2022-06-14	2022-07-04
S52026	0101000020E6100000B1BFEC9E3CAC1EC06B0E10CCD1094040	Surface	2022-06-14	2022-07-04
S52068	0101000020E6100000D49AE61DA7E81EC05C397B67B40B4040	Surface	2022-06-15	2022-07-04
S52069	0101000020E61000004359F8FA5AE71EC0DECCE847C30B4040	Surface	2022-06-15	2022-07-04
S52070	0101000020E610000082397AFCDEE61EC019E8DA17D00B4040	Surface	2022-06-15	2022-07-04
S52071	0101000020E61000004E7CB5A338E71EC0DC9E20B1DD0B4040	Surface	2022-06-15	2022-07-04
S52072	0101000020E61000004DD87E32C6E71EC0FCE42840140C4040	Surface	2022-06-15	2022-07-04
S52073	0101000020E6100000506D7022FAE51EC0F7CABC55D70B4040	Surface	2022-06-15	2022-07-04
S52074	0101000020E61000004F0647C9ABE31EC01805C1E3DB0B4040	Surface	2022-06-15	2022-07-04
S52075	0101000020E61000005CAB3DEC85E21EC07F4FAC53E50B4040	Surface	2022-06-15	2022-07-04
S52076	0101000020E61000006A85E97B0DE11EC070D1C952EB0B4040	Surface	2022-06-15	2022-07-04
S52077	0101000020E61000002F87DD770CDF1EC0C3F17C06D40B4040	Surface	2022-06-15	2022-07-04
S52078	0101000020E610000061DF4E22C2DF1EC02A36E675C40B4040	Surface	2022-06-15	2022-07-04
S52079	0101000020E61000001024EF1CCAE01EC01B4AED45B40B4040	Surface	2022-06-15	2022-07-04
S52080	0101000020E6100000FB3A70CE88E21EC01C959BA8A50B4040	Surface	2022-06-15	2022-07-04
S52081	0101000020E61000003012DA722EE51EC0A741D13C800B4040	Surface	2022-06-15	2022-07-04
S52082	0101000020E6100000F0DAA50D87E51EC00684D6C3970B4040	Surface	2022-06-15	2022-07-04
S52083	0101000020E6100000AED3484BE56D1EC06B573211800D4040	Surface	2022-06-15	2022-07-04
S52084	0101000020E6100000C2189128B46C1EC089EE59D7680D4040	Surface	2022-06-15	2022-07-04
S52085	0101000020E6100000FB75A73B4F6C1EC0A9DDAF027C0D4040	Surface	2022-06-15	2022-07-04
S52086	0101000020E6100000516C054D4B6C1EC0772B4B74960D4040	Surface	2022-06-15	2022-07-04
S52087	0101000020E610000053944BE3176E1EC0C6FCDCD0940D4040	Surface	2022-06-15	2022-07-04
S52088	0101000020E610000047C8409E5D6E1EC0A1F31ABB440D4040	Surface	2022-06-15	2022-07-04
S52089	0101000020E61000007F86376BF06E1EC0CDAD1056630D4040	Surface	2022-06-15	2022-07-04
S52090	0101000020E61000007077D66EBB701EC0E36DA5D7660D4040	Surface	2022-06-15	2022-07-04
S52091	0101000020E6100000215B96AFCB701EC0F581E49D430D4040	Surface	2022-06-15	2022-07-04
S52092	0101000020E610000047B071FDBB6E1EC0AE4A22FB200D4040	Surface	2022-06-15	2022-07-04
S52093	0101000020E6100000309C6B98A1711EC038BBB54C860D4040	Surface	2022-06-15	2022-07-04
S52094	0101000020E61000009ED32CD0EE701EC05000C5C8920D4040	Surface	2022-06-15	2022-07-04
S52095	0101000020E6100000ABCC94D6DF721EC0F645425BCE0D4040	Surface	2022-06-15	2022-07-04
S52096	0101000020E61000004B5CC7B8E2621EC08A58C4B0C30C4040	Surface	2022-06-15	2022-07-04
S52097	0101000020E6100000D0D1AA9674641EC062BCE6559D0B4040	Surface	2022-06-15	2022-07-04
S52098	0101000020E610000061A417B5FB651EC09BA9108FC40B4040	Surface	2022-06-15	2022-07-04
S52099	0101000020E6100000D5415E0F26651EC0ECA17DACE00B4040	Surface	2022-06-15	2022-07-04
S52100	0101000020E6100000E7A8A3E36A641EC0D7DB662AC40B4040	Surface	2022-06-15	2022-07-04
S53805	0101000020E6100000560E2DB29DEF1EC0228E75711B154040	Surface	2022-07-29	2022-08-18
S53806	0101000020E6100000560E2DB29DEF1EC0228E75711B154040	Profondeur	2022-07-29	2022-08-18
S53807	0101000020E61000005682C5E1CCEF1EC01361C3D32B154040	Surface	2022-07-29	2022-08-18
S53808	0101000020E61000005682C5E1CCEF1EC01361C3D32B154040	Profondeur	2022-07-29	2022-08-18
S53809	0101000020E6100000B3CD8DE909EB1EC058A835CD3B164040	Surface	2022-07-29	2022-08-18
S53810	0101000020E6100000B3CD8DE909EB1EC058A835CD3B164040	Profondeur	2022-07-29	2022-08-18
S53811	0101000020E6100000B3075A8121EB1EC0CA32C4B12E164040	Surface	2022-07-29	2022-08-18
S53812	0101000020E6100000B3075A8121EB1EC0CA32C4B12E164040	Profondeur	2022-07-29	2022-08-18
S53813	0101000020E61000004209336DFFEA1EC04BEA043411164040	Surface	2022-07-29	2022-08-18
S53814	0101000020E61000004209336DFFEA1EC04BEA043411164040	Profondeur	2022-07-29	2022-08-18
S53815	0101000020E61000002D3E05C078E61EC020D26F5F07164040	Surface	2022-07-29	2022-08-18
S53816	0101000020E61000002D3E05C078E61EC020D26F5F07164040	Profondeur	2022-07-29	2022-08-18
S53817	0101000020E610000010069E7B0FD71EC06C09F9A067134040	Surface	2022-07-29	2022-08-18
S53818	0101000020E610000010069E7B0FD71EC06C09F9A067134040	Profondeur	2022-07-29	2022-08-18
S54264	0101000020E6100000302FC03E3AB51EC02634492C29074040	Surface	2022-08-03	2022-08-18
S54265	0101000020E610000073F38DE89EB51EC012DC48D922074040	Surface	2022-08-03	2022-08-18
S54266	0101000020E6100000B821C66B5EB51EC012A27C410B074040	Surface	2022-08-03	2022-08-18
S54267	0101000020E61000004A5E9D6340B61EC0DA907F6610074040	Surface	2022-08-03	2022-08-18
S54268	0101000020E6100000BC3E73D6A7EC1EC061A92EE065144040	Surface	2022-08-03	2022-08-18
S54269	0101000020E61000003F00A94D9CEC1EC0BC79AA436E144040	Surface	2022-08-03	2022-08-18
S54270	0101000020E61000003F00A94D9CEC1EC0944E24986A144040	Surface	2022-08-03	2022-08-18
S54271	0101000020E610000095D4096822EC1EC05B608F8994144040	Surface	2022-08-03	2022-08-18
S54272	0101000020E6100000BB61DBA2CCA61EC0488AC8B08A094040	Surface	2022-08-03	2022-08-18
S54273	0101000020E6100000FC1A498270A51EC082E673EE76094040	Surface	2022-08-03	2022-08-18
S54274	0101000020E61000007EA99F3715A91EC0DDB6EF517F094040	Surface	2022-08-03	2022-08-18
S54275	0101000020E61000002E90A0F831661EC0C4B12E6EA30B4040	Surface	2022-08-03	2022-08-18
S54276	0101000020E6100000BBD05CA791661EC0425E0F26C50B4040	Surface	2022-08-03	2022-08-18
S55239	0101000020E61000001990BDDEFD711EC0A857CA32C4114040	Surface	2022-09-15	2022-10-26
S55240	0101000020E61000001990BDDEFD711EC0A857CA32C4114040	Profondeur	2022-09-15	2022-10-26
S55241	0101000020E6100000DD41EC4CA1731EC044FAEDEBC0114040	Surface	2022-09-15	2022-10-26
S55242	0101000020E6100000DD41EC4CA1731EC044FAEDEBC0114040	Profondeur	2022-09-15	2022-10-26
S55243	0101000020E61000008D5DA27A6B801EC09C33A2B437104040	Surface	2022-09-15	2022-10-26
S55244	0101000020E61000008D5DA27A6B801EC09C33A2B437104040	Profondeur	2022-09-15	2022-10-26
S55245	0101000020E61000006EC0E78711821EC055C1A8A44E104040	Surface	2022-09-15	2022-10-26
S55246	0101000020E61000006EC0E78711821EC055C1A8A44E104040	Profondeur	2022-09-15	2022-10-26
S55247	0101000020E6100000C4EBFA05BB811EC02AA913D044104040	Surface	2022-09-15	2022-10-26
S55248	0101000020E6100000C4EBFA05BB811EC02AA913D044104040	Profondeur	2022-09-15	2022-10-26
S55249	0101000020E61000009B1BD31396B81EC0C442AD69DE094040	Surface	2022-09-15	2022-10-26
S55250	0101000020E61000009B1BD31396B81EC0C442AD69DE094040	Profondeur	2022-09-15	2022-10-26
S55251	0101000020E61000000135B56CADCF1EC00DE02D90A0084040	Surface	2022-09-15	2022-10-26
S55252	0101000020E61000000135B56CADCF1EC00DE02D90A0084040	Profondeur	2022-09-15	2022-10-26
S55253	0101000020E6100000AAF1D24D62D01EC0E3C798BB96084040	Surface	2022-09-15	2022-10-26
S55254	0101000020E6100000AAF1D24D62D01EC0E3C798BB96084040	Profondeur	2022-09-15	2022-10-26
S55255	0101000020E61000009161156F64DE1EC0DE718A8EE40A4040	Surface	2022-09-15	2022-10-26
S55256	0101000020E61000009161156F64DE1EC0DE718A8EE40A4040	Profondeur	2022-09-15	2022-10-26
S55257	0101000020E610000014ED2AA4FCE41EC0143FC6DCB50C4040	Surface	2022-09-15	2022-10-26
S55258	0101000020E610000014ED2AA4FCE41EC0143FC6DCB50C4040	Profondeur	2022-09-15	2022-10-26
S55259	0101000020E6100000B875374F75E81EC0ADFA5C6DC50E4040	Surface	2022-09-15	2022-10-26
S55260	0101000020E6100000B875374F75E81EC0ADFA5C6DC50E4040	Profondeur	2022-09-15	2022-10-26
S55261	0101000020E6100000EDD3F19881EA1EC08195438B6C0F4040	Surface	2022-09-15	2022-10-26
S55262	0101000020E6100000984C158C4AEA1EC0C7293A92CB0F4040	Surface	2022-09-15	2022-10-26
S55263	0101000020E6100000984C158C4AEA1EC0C7293A92CB0F4040	Profondeur	2022-09-15	2022-10-26
S56859	0101000020E610000092EA3BBF28F11EC013622EA9DA124040	Surface	2022-10-27	2022-11-25
S56860	0101000020E610000092EA3BBF28F11EC013622EA9DA124040	Profondeur	2022-10-27	2022-11-25
S56861	0101000020E610000032E5435035EA1EC067B96C74CE0F4040	Surface	2022-10-27	2022-11-25
S56862	0101000020E610000032E5435035EA1EC067B96C74CE0F4040	Profondeur	2022-10-27	2022-11-25
S56863	0101000020E610000004C8D0B183EA1EC01D386744690F4040	Surface	2022-10-27	2022-11-25
S56864	0101000020E610000004C8D0B183EA1EC01D386744690F4040	Profondeur	2022-10-27	2022-11-25
S56865	0101000020E610000034A1496249E91EC0580394861A0F4040	Surface	2022-10-27	2022-11-25
S56866	0101000020E610000034A1496249E91EC0580394861A0F4040	Profondeur	2022-10-27	2022-11-25
S56867	0101000020E6100000A22AA6D24FE81EC0B5705985CD0E4040	Surface	2022-10-27	2022-11-25
S56868	0101000020E6100000A22AA6D24FE81EC0B5705985CD0E4040	Profondeur	2022-10-27	2022-11-25
S56869	0101000020E610000051137D3ECAE81EC0BF2CEDD45C0E4040	Surface	2022-10-27	2022-11-25
S56870	0101000020E610000051137D3ECAE81EC0BF2CEDD45C0E4040	Profondeur	2022-10-27	2022-11-25
S56871	0101000020E610000051137D3ECAE81EC0BF2CEDD45C0E4040	Profondeur	2022-10-27	2022-11-25
S56872	0101000020E610000051137D3ECAE81EC0BF2CEDD45C0E4040	Profondeur	2022-10-27	2022-11-25
S56873	0101000020E61000009F0436E7E0E91EC06C938AC6DA0D4040	Surface	2022-10-27	2022-11-25
S56874	0101000020E61000009F0436E7E0E91EC06C938AC6DA0D4040	Profondeur	2022-10-27	2022-11-25
S56875	0101000020E61000009F0436E7E0E91EC06C938AC6DA0D4040	Profondeur	2022-10-27	2022-11-25
S56876	0101000020E61000009F0436E7E0E91EC06C938AC6DA0D4040	Profondeur	2022-10-27	2022-11-25
S56877	0101000020E6100000DC9DB5DB2EE41EC07F501729940D4040	Surface	2022-10-27	2022-11-25
S56878	0101000020E6100000DC9DB5DB2EE41EC07F501729940D4040	Profondeur	2022-10-27	2022-11-25
S56879	0101000020E6100000DC9DB5DB2EE41EC07F501729940D4040	Profondeur	2022-10-27	2022-11-25
S56880	0101000020E6100000DC9DB5DB2EE41EC07F501729940D4040	Profondeur	2022-10-27	2022-11-25
S56881	0101000020E61000000B444FCAA4E61EC0F9D7F2CAF50C4040	Surface	2022-10-27	2022-11-25
S56882	0101000020E61000000B444FCAA4E61EC0F9D7F2CAF50C4040	Profondeur	2022-10-27	2022-11-25
S56883	0101000020E61000000B444FCAA4E61EC0F9D7F2CAF50C4040	Profondeur	2022-10-27	2022-11-25
S56884	0101000020E61000000B444FCAA4E61EC0F9D7F2CAF50C4040	Profondeur	2022-10-27	2022-11-25
S56885	0101000020E61000005B7B9FAA42E31EC003B2D7BB3F0C4040	Surface	2022-10-27	2022-11-25
S56886	0101000020E61000005B7B9FAA42E31EC003B2D7BB3F0C4040	Profondeur	2022-10-27	2022-11-25
S56887	0101000020E61000005B7B9FAA42E31EC003B2D7BB3F0C4040	Profondeur	2022-10-27	2022-11-25
S56888	0101000020E61000005B7B9FAA42E31EC003B2D7BB3F0C4040	Profondeur	2022-10-27	2022-11-25
S56889	0101000020E610000016FBCBEEC9E31EC06534F279C50B4040	Surface	2022-10-27	2022-11-25
S56890	0101000020E610000016FBCBEEC9E31EC06534F279C50B4040	Profondeur	2022-10-27	2022-11-25
S56891	0101000020E6100000522CB7B41AE21EC03D9B559FAB0B4040	Surface	2022-10-27	2022-11-25
S56892	0101000020E6100000522CB7B41AE21EC03D9B559FAB0B4040	Profondeur	2022-10-27	2022-11-25
S56893	0101000020E61000000E6B2A8BC2DE1EC0D82D02637D0B4040	Surface	2022-10-27	2022-11-25
S56894	0101000020E61000000E6B2A8BC2DE1EC0D82D02637D0B4040	Profondeur	2022-10-27	2022-11-25
S56895	0101000020E610000061DD787764DC1EC0B5DD04DF340B4040	Surface	2022-10-27	2022-11-25
S56896	0101000020E610000061DD787764DC1EC0B5DD04DF340B4040	Profondeur	2022-10-27	2022-11-25
S56897	0101000020E61000007978CF81E5D81EC03F1C2444F90A4040	Surface	2022-10-27	2022-11-25
S56898	0101000020E61000007978CF81E5D81EC03F1C2444F90A4040	Profondeur	2022-10-27	2022-11-25
S56899	0101000020E6100000838AAA5FE9DC1EC07651F4C0C70A4040	Surface	2022-10-27	2022-11-25
S56900	0101000020E6100000838AAA5FE9DC1EC07651F4C0C70A4040	Profondeur	2022-10-27	2022-11-25
S56901	0101000020E6100000BDE2A9471ADC1EC0965F0663440A4040	Surface	2022-10-27	2022-11-25
S56902	0101000020E6100000BDE2A9471ADC1EC0965F0663440A4040	Profondeur	2022-10-27	2022-11-25
S56903	0101000020E6100000800BB265F9DA1EC073D9E89C9F0A4040	Surface	2022-10-27	2022-11-25
S56904	0101000020E6100000800BB265F9DA1EC073D9E89C9F0A4040	Profondeur	2022-10-27	2022-11-25
S56905	0101000020E6100000990E9D9E77E31EC021CA17B4900A4040	Surface	2022-10-27	2022-11-25
S56906	0101000020E6100000990E9D9E77E31EC021CA17B4900A4040	Profondeur	2022-10-27	2022-11-25
S56907	0101000020E61000008063CF9ECBE41EC0BA85AE44A00A4040	Surface	2022-10-27	2022-11-25
S56908	0101000020E61000008063CF9ECBE41EC0BA85AE44A00A4040	Profondeur	2022-10-27	2022-11-25
S56909	0101000020E610000077BF0AF0DDE61EC094313ECC5E0A4040	Surface	2022-10-27	2022-11-25
S56910	0101000020E610000077BF0AF0DDE61EC094313ECC5E0A4040	Profondeur	2022-10-27	2022-11-25
S56911	0101000020E6100000B7EBA52902FC1EC01B2FDD24060D4040	Surface	2022-10-27	2022-11-25
S56912	0101000020E6100000B7EBA52902FC1EC01B2FDD24060D4040	Profondeur	2022-10-27	2022-11-25
S57083	0101000020E610000084BC1E4C8ADF1EC0EDD632198E114040	Surface	2022-11-02	2022-11-17
S57084	0101000020E610000084BC1E4C8ADF1EC0EDD632198E114040	Profondeur	2022-11-02	2022-11-17
S57085	0101000020E61000009C340D8AE6D11EC08AC745B588104040	Surface	2022-11-02	2022-11-17
S57086	0101000020E61000009C340D8AE6D11EC08AC745B588104040	Profondeur	2022-11-02	2022-11-17
S57087	0101000020E61000001AE1ED4108E81EC0A14CA3C9C50E4040	Surface	2022-11-02	2022-11-17
S57088	0101000020E61000001AE1ED4108E81EC0A14CA3C9C50E4040	Profondeur	2022-11-02	2022-11-17
S57089	0101000020E6100000410E4A98693B1FC04FE5B4A7E4044040	Surface	2022-11-02	2022-11-17
S57090	0101000020E6100000410E4A98693B1FC04FE5B4A7E4044040	Profondeur	2022-11-02	2022-11-17
S57091	0101000020E61000002A1C412AC52E1FC02331410DDF044040	Surface	2022-11-02	2022-11-17
S57092	0101000020E61000002A1C412AC52E1FC02331410DDF044040	Profondeur	2022-11-02	2022-11-17
S57093	0101000020E610000007B13385CE3B1FC0AF7AC03C64044040	Surface	2022-11-02	2022-11-17
S57094	0101000020E610000007B13385CE3B1FC0AF7AC03C64044040	Profondeur	2022-11-02	2022-11-17
S57095	0101000020E610000007B13385CE3B1FC0AF7AC03C64044040	Surface	2022-11-02	2022-11-17
S57096	0101000020E610000007B13385CE3B1FC0AF7AC03C64044040	Profondeur	2022-11-02	2022-11-17
S73824	0101000020E61000001676905804C91FC003859D09DD094040	Surface	2023-12-22	2024-01-24
S73825	0101000020E610000046604945A5991FC0BB9E4374E3084040	Surface	2023-12-22	2024-01-24
S73826	0101000020E610000046604945A5991FC0BB9E4374E3084040	Profondeur	2023-12-22	2024-01-24
S73827	0101000020E610000000F4D8EFB95C1FC096F7BA0A3E0A4040	Surface	2023-12-22	2024-01-24
S73828	0101000020E61000001EE20DD338441FC0EDD5E3988E084040	Surface	2023-12-22	2024-01-24
S73829	0101000020E61000003BE8D5AAA4321FC0E6C47792CF064040	Surface	2023-12-22	2024-01-24
S73830	0101000020E61000004B36B940CB321FC0061B4B16FF064040	Surface	2023-12-22	2024-01-24
S73831	0101000020E610000066D80224952F1FC05C601F3517074040	Surface	2023-12-22	2024-01-24
S73832	0101000020E61000005D68C56FBE4C1FC0BFFFB7DBB3094040	Surface	2023-12-22	2024-01-24
S73833	0101000020E61000005D68C56FBE4C1FC0BFFFB7DBB3094040	Profondeur	2023-12-22	2024-01-24
S73834	0101000020E61000005D68C56FBE4C1FC0BFFFB7DBB3094040	Profondeur	2023-12-22	2024-01-24
S73835	0101000020E6100000011A26CC14BA1FC02874EA0C04004040	Surface	2023-12-22	2024-01-24
S73836	0101000020E6100000AEF7D9D0E6AB1FC0592DE3B869FB3F40	Surface	2023-12-22	2024-01-24
S73837	0101000020E6100000BA11C014B8AB1FC0B183A3140FFF3F40	Surface	2023-12-22	2024-01-24
S73838	0101000020E61000002A58E36C3AA21FC03ACFD8976CF03F40	Surface	2023-12-22	2024-01-24
S73839	0101000020E6100000B51B7DCC07541FC002D369DD06FD3F40	Surface	2023-12-22	2024-01-24
S73840	0101000020E6100000BEC0AC50A42B1FC0310917F208024040	Surface	2023-12-22	2024-01-24
S73841	0101000020E61000008F1CE90C8CCC1EC0FB3A70CE88084040	Surface	2023-12-22	2024-01-24
S73842	0101000020E610000030F5F3A622651EC0F38DE89E75154040	Surface	2023-12-22	2024-01-24
S73843	0101000020E610000015AA9B8BBF7D1EC0BA85AE44A0164040	Surface	2023-12-22	2024-01-24
S73844	0101000020E61000004A5E9D6340961EC0E10B93A982174040	Surface	2023-12-22	2024-01-24
S73845	0101000020E6100000486C770FD08D1EC06C3EAE0D15154040	Surface	2023-12-22	2024-01-24
S73846	0101000020E6100000A915A6EF35241EC04ED53DB2B9104040	Surface	2023-12-22	2024-01-24
S73847	0101000020E610000067F2CD3637161EC0B0E2546B61124040	Surface	2023-12-22	2024-01-24
S73848	0101000020E6100000274C18CDCA361EC0630CACE3F80F4040	Surface	2023-12-22	2024-01-24
S73849	0101000020E6100000999D45EF54901EC0632B685A620F4040	Surface	2023-12-22	2024-01-24
S73850	0101000020E610000012BF620D17D91EC058E36C3A02084040	Surface	2023-12-22	2024-01-24
S73851	0101000020E61000007EE36BCF2C891FC045DAC69FA8FC3F40	Surface	2023-12-22	2024-01-24
S73852	0101000020E6100000C9F3800615821EC05FA3D2754E104040	Surface	2023-12-22	2024-01-24
S73853	0101000020E6100000C9F3800615821EC05FA3D2754E104040	Profondeur	2023-12-22	2024-01-24
S73854	0101000020E610000088A9CBED0F821EC03D87624851104040	Surface	2023-12-22	2024-01-24
S73855	0101000020E610000088A9CBED0F821EC03D87624851104040	Profondeur	2023-12-22	2024-01-24
S73856	0101000020E610000084661837AD821EC048CD87BD53104040	Surface	2023-12-22	2024-01-24
S73857	0101000020E610000084661837AD821EC048CD87BD53104040	Profondeur	2023-12-22	2024-01-24
S73858	0101000020E61000000362DB6B0A831EC0B81E85EB51104040	Surface	2023-12-22	2024-01-24
S73859	0101000020E61000000362DB6B0A831EC0B81E85EB51104040	Profondeur	2023-12-22	2024-01-24
S73860	0101000020E610000086EDC5DBFB821EC0BA5716A246104040	Surface	2023-12-22	2024-01-24
S73861	0101000020E610000086EDC5DBFB821EC0BA5716A246104040	Profondeur	2023-12-22	2024-01-24
S73862	0101000020E610000083604491A4801EC04D609C345C104040	Surface	2023-12-22	2024-01-24
S73863	0101000020E610000083604491A4801EC04D609C345C104040	Profondeur	2023-12-22	2024-01-24
S73864	0101000020E6100000A61C0818BFF11EC0100F250BB60A4040	Surface	2023-12-22	2024-01-24
S73865	0101000020E6100000A61C0818BFF11EC0100F250BB60A4040	Profondeur	2023-12-22	2024-01-24
S73866	0101000020E6100000B9E985F189F11EC0E00865F4B60A4040	Surface	2023-12-22	2024-01-24
S73867	0101000020E6100000B9E985F189F11EC0E00865F4B60A4040	Profondeur	2023-12-22	2024-01-24
S73868	0101000020E6100000163166B20CF11EC0C66D3480B70A4040	Surface	2023-12-22	2024-01-24
S73869	0101000020E6100000163166B20CF11EC0C66D3480B70A4040	Profondeur	2023-12-22	2024-01-24
S73870	0101000020E610000045D9AA8639F01EC06AA05B24BC0A4040	Surface	2023-12-22	2024-01-24
S73871	0101000020E610000045D9AA8639F01EC06AA05B24BC0A4040	Profondeur	2023-12-22	2024-01-24
S73872	0101000020E6100000485962C7BBF21EC0AFA22361AE0A4040	Surface	2023-12-22	2024-01-24
S73873	0101000020E6100000485962C7BBF21EC0AFA22361AE0A4040	Profondeur	2023-12-22	2024-01-24
S73874	0101000020E6100000485962C7BBF21EC0F498D66AC30A4040	Surface	2023-12-22	2024-01-24
S73875	0101000020E6100000485962C7BBF21EC0F498D66AC30A4040	Profondeur	2023-12-22	2024-01-24
S73876	0101000020E6100000641BC074BD811EC0AF5A99F04B104040	Surface	2023-12-22	2024-01-24
S73877	0101000020E6100000641BC074BD811EC0AF5A99F04B104040	Profondeur	2023-12-22	2024-01-24
S73878	0101000020E6100000F10C5C16FA811EC031B521D64D104040	Surface	2023-12-22	2024-01-24
S73879	0101000020E6100000F10C5C16FA811EC031B521D64D104040	Profondeur	2023-12-22	2024-01-24
S73880	0101000020E61000002EB5181B3E821EC0F94B49DE52104040	Surface	2023-12-22	2024-01-24
S73881	0101000020E61000002EB5181B3E821EC0F94B49DE52104040	Profondeur	2023-12-22	2024-01-24
S73882	0101000020E6100000366BF82F73821EC0F19EA0A056104040	Surface	2023-12-22	2024-01-24
S73883	0101000020E6100000366BF82F73821EC0F19EA0A056104040	Profondeur	2023-12-22	2024-01-24
S73884	0101000020E610000003786E4EE3821EC0499D802642104040	Surface	2023-12-22	2024-01-24
S73885	0101000020E610000003786E4EE3821EC0499D802642104040	Profondeur	2023-12-22	2024-01-24
S73886	0101000020E610000015C915E656831EC01C63C49149104040	Surface	2023-12-22	2024-01-24
S73887	0101000020E610000015C915E656831EC01C63C49149104040	Profondeur	2023-12-22	2024-01-24
S73888	0101000020E6100000FC46E825CE831EC0E3ABFCB650104040	Surface	2023-12-22	2024-01-24
S73889	0101000020E6100000FC46E825CE831EC0E3ABFCB650104040	Profondeur	2023-12-22	2024-01-24
S73890	0101000020E6100000B3E821435C831EC0C12BD54758104040	Surface	2023-12-22	2024-01-24
S73891	0101000020E6100000B3E821435C831EC0C12BD54758104040	Profondeur	2023-12-22	2024-01-24
S73892	0101000020E61000007EC4F17495831EC097EDD8426F104040	Surface	2023-12-22	2024-01-24
S73893	0101000020E61000007EC4F17495831EC097EDD8426F104040	Profondeur	2023-12-22	2024-01-24
S73894	0101000020E6100000B08651314A831EC0EE78D5FB74104040	Surface	2023-12-22	2024-01-24
S73895	0101000020E6100000B08651314A831EC0EE78D5FB74104040	Profondeur	2023-12-22	2024-01-24
S73896	0101000020E610000011001C7BF60C1FC01F9DBAF2590A4040	Surface	2023-12-22	2024-01-24
S73897	0101000020E610000011001C7BF60C1FC01F9DBAF2590A4040	Profondeur	2023-12-22	2024-01-24
S73898	0101000020E61000005B5F24B4E50C1FC07862D68BA10A4040	Surface	2023-12-22	2024-01-24
S73899	0101000020E61000005B5F24B4E50C1FC07862D68BA10A4040	Profondeur	2023-12-22	2024-01-24
S73900	0101000020E61000000E7781D41E0D1FC0221ADD41EC0A4040	Surface	2023-12-22	2024-01-24
S73901	0101000020E61000000E7781D41E0D1FC0221ADD41EC0A4040	Profondeur	2023-12-22	2024-01-24
S73902	0101000020E6100000C13A8E1F2A0D1FC0BA66F2CD360B4040	Surface	2023-12-22	2024-01-24
S73903	0101000020E6100000C13A8E1F2A0D1FC0BA66F2CD360B4040	Profondeur	2023-12-22	2024-01-24
S73904	0101000020E6100000598B4F01300E1FC073BA2C26360B4040	Surface	2023-12-22	2024-01-24
S73905	0101000020E6100000598B4F01300E1FC073BA2C26360B4040	Profondeur	2023-12-22	2024-01-24
S73906	0101000020E61000004D2EC6C03A0E1FC083A44FABE80A4040	Surface	2023-12-22	2024-01-24
S73907	0101000020E61000004D2EC6C03A0E1FC083A44FABE80A4040	Profondeur	2023-12-22	2024-01-24
S73908	0101000020E61000007E7214200A0E1FC03B5F3F06A30A4040	Surface	2023-12-22	2024-01-24
S73909	0101000020E61000007E7214200A0E1FC03B5F3F06A30A4040	Profondeur	2023-12-22	2024-01-24
S73910	0101000020E6100000F2E9B12D030E1FC087FE092E560A4040	Surface	2023-12-22	2024-01-24
S73911	0101000020E6100000F2E9B12D030E1FC087FE092E560A4040	Profondeur	2023-12-22	2024-01-24
S73912	0101000020E6100000E4B44C2B2A0F1FC0D1CB28965B0A4040	Surface	2023-12-22	2024-01-24
S73913	0101000020E6100000E4B44C2B2A0F1FC0D1CB28965B0A4040	Profondeur	2023-12-22	2024-01-24
S73914	0101000020E6100000906B43C5380F1FC091F2936A9F0A4040	Surface	2023-12-22	2024-01-24
S73915	0101000020E6100000906B43C5380F1FC091F2936A9F0A4040	Profondeur	2023-12-22	2024-01-24
S73916	0101000020E61000000ECAEA0C420F1FC0711FB935E90A4040	Surface	2023-12-22	2024-01-24
S73917	0101000020E61000000ECAEA0C420F1FC0711FB935E90A4040	Profondeur	2023-12-22	2024-01-24
S73918	0101000020E6100000D95BCAF9620F1FC09D716DEA340B4040	Surface	2023-12-22	2024-01-24
S73919	0101000020E6100000D95BCAF9620F1FC09D716DEA340B4040	Profondeur	2023-12-22	2024-01-24
S73920	0101000020E6100000574B536762101FC014B2F336360B4040	Surface	2023-12-22	2024-01-24
S73921	0101000020E6100000574B536762101FC014B2F336360B4040	Profondeur	2023-12-22	2024-01-24
S73922	0101000020E610000002E5633565101FC02F4D11E0F40A4040	Surface	2023-12-22	2024-01-24
S73923	0101000020E610000002E5633565101FC02F4D11E0F40A4040	Profondeur	2023-12-22	2024-01-24
S73924	0101000020E61000001C7C613255101FC0C1AA7AF99D0A4040	Surface	2023-12-22	2024-01-24
S73925	0101000020E61000001C7C613255101FC0C1AA7AF99D0A4040	Profondeur	2023-12-22	2024-01-24
S73926	0101000020E6100000771211FE45101FC033DFC14F5C0A4040	Surface	2023-12-22	2024-01-24
S73927	0101000020E6100000771211FE45101FC033DFC14F5C0A4040	Profondeur	2023-12-22	2023-12-29
\.


--
-- TOC entry 4385 (class 0 OID 83352)
-- Dependencies: 242
-- Data for Name: visualisation_soiltexture; Type: TABLE DATA; Schema: public; Owner: postgres
--

COPY public.visualisation_soiltexture (id, "Argile", "Lemon", "Sable", "Soil_texture_v4", "Code_labo_id") FROM stdin;
530	14	16	70	Sandy Loam	S52018
531	22	24	54	Sandy Clay Loam	S52011
685	12	60	28	Silt Loam	S56898
686	18	32	50	Loam	S56899
687	12	48	40	Loam	S56900
688	46	40	14	Silty Clay	S56901
689	10	72	18	Silt Loam	S56902
690	12	60	28	Silt Loam	S56903
691	12	62	26	Silt Loam	S56904
692	12	44	44	Loam	S56905
693	12	46	42	Loam	S56906
694	12	54	34	Silt Loam	S56907
695	10	60	30	Silt Loam	S56908
696	30	30	40	Clay Loam	S56909
697	10	58	32	Silt Loam	S56910
698	12	80	8	Silt Loam	S56911
699	10	78	12	Silt Loam	S56912
700	26	26	48	Sandy Clay Loam	S57083
701	22	26	52	Sandy Clay Loam	S57084
702	50	36	14	Clay	S57085
703	48	34	18	Clay	S57086
704	62	30	8	Clay	S57087
705	52	22	26	Clay	S57088
706	26	34	40	Loam	S57089
707	34	32	34	Clay Loam	S57090
708	26	40	34	Loam	S57091
709	28	34	38	Clay Loam	S57092
710	18	30	52	Loam	S57093
711	24	26	50	Sandy Clay Loam	S57094
712	28	28	44	Clay Loam	S57095
713	34	28	38	Clay Loam	S57096
714	28	46	26	Clay Loam	S73824
715	24	36	40	Loam	S73825
716	14	44	42	Loam	S73826
717	20	34	46	Loam	S73827
718	20	44	36	Loam	S73828
719	30	32	38	Clay Loam	S73829
720	22	30	48	Loam	S73830
721	22	44	34	Loam	S73831
722	22	28	50	Loam	S73832
723	8	36	56	Sandy Loam	S73833
724	10	40	50	Loam	S73834
725	20	32	48	Loam	S73835
726	16	24	60	Sandy Loam	S73836
727	20	30	50	Loam	S73837
728	16	58	26	Silt Loam	S73838
729	22	42	36	Loam	S73839
730	34	44	22	Clay Loam	S73840
731	40	36	24	Clay Loam	S73841
732	24	40	36	Loam	S73842
733	34	38	28	Clay Loam	S73843
734	30	44	26	Clay Loam	S73844
735	24	46	30	Loam	S73845
736	20	32	48	Loam	S73846
737	34	40	26	Clay Loam	S73847
738	22	32	46	Loam	S73848
739	30	38	32	Clay Loam	S73849
740	30	30	40	Clay Loam	S73850
741	22	42	36	Loam	S73851
742	28	40	32	Clay Loam	S73852
743	30	44	26	Clay Loam	S73853
744	32	36	32	Clay Loam	S73854
745	32	28	40	Clay Loam	S73855
746	34	34	32	Clay Loam	S73856
747	30	32	38	Clay Loam	S73857
748	40	36	24	Clay Loam	S73858
749	38	32	30	Clay Loam	S73859
750	40	34	26	Clay Loam	S73860
751	36	34	30	Clay Loam	S73861
752	22	28	50	Loam	S73862
753	24	24	52	Sandy Clay Loam	S73863
754	38	42	20	Clay Loam	S73864
755	14	62	24	Silt Loam	S73865
756	26	54	20	Silt Loam	S73866
757	14	62	24	Silt Loam	S73867
758	24	56	20	Silt Loam	S73868
759	36	40	24	Clay Loam	S73869
760	12	68	20	Silt Loam	S73870
761	14	62	24	Silt Loam	S73871
762	36	44	20	Clay Loam	S73872
763	34	42	24	Clay Loam	S73873
764	18	46	36	Loam	S73874
765	14	50	36	Loam	S73875
766	22	22	56	Sandy Clay Loam	S73876
767	26	32	42	Loam	S73877
768	32	38	30	Clay Loam	S73878
769	10	60	30	Silt Loam	S73879
770	36	34	30	Clay Loam	S73880
771	34	32	34	Clay Loam	S73881
772	36	34	30	Clay Loam	S73882
773	30	30	40	Clay Loam	S73883
774	40	30	30	Clay Loam	S73884
775	10	64	26	Silt Loam	S73885
776	40	34	26	Clay Loam	S73886
777	30	44	26	Clay Loam	S73887
778	40	36	24	Clay Loam	S73888
779	44	38	18	Clay	S73889
780	44	38	18	Clay	S73890
781	20	64	16	Silt Loam	S73891
782	36	36	28	Clay Loam	S73892
532	26	20	54	Sandy Clay Loam	S52012
533	24	22	54	Sandy Clay Loam	S52013
534	22	20	58	Sandy Clay Loam	S52014
535	14	14	72	Sandy Loam	S52061
536	14	12	74	Sandy Loam	S52062
537	12	36	52	Loam	S52063
538	10	40	50	Loam	S52064
539	10	38	52	Loam	S52065
540	24	26	50	Sandy Clay Loam	S52027
541	24	22	54	Sandy Clay Loam	S52028
542	28	26	46	Sandy Clay Loam	S52029
543	24	28	48	Loam	S52030
544	26	20	54	Sandy Clay Loam	S51999
545	18	30	52	Loam	S52000
546	28	24	48	Sandy Clay Loam	S52001
547	22	28	50	Loam	S52002
548	38	28	34	Clay Loam	S52003
549	32	34	34	Clay Loam	S52004
550	26	34	40	Loam	S52005
551	32	28	40	Clay Loam	S52006
552	30	26	44	Clay Loam	S52051
553	30	28	42	Clay Loam	S52052
554	10	44	46	Loam	S52053
555	28	28	44	Clay Loam	S52054
556	28	24	48	Sandy Clay Loam	S52055
557	30	24	46	Sandy Clay Loam	S52023
558	20	18	62	Sandy Loam	S52024
559	26	20	54	Sandy Clay Loam	S52025
560	22	22	56	Sandy Clay Loam	S52026
561	24	64	12	Silt Loam	S52068
562	22	56	22	Silt Loam	S52069
563	20	68	12	Silt Loam	S52070
564	22	70	8	Silt Loam	S52071
565	10	66	24	Silt Loam	S52072
566	22	68	10	Silt Loam	S52073
567	24	68	8	Silt Loam	S52074
568	16	74	10	Silt Loam	S52075
569	12	74	14	Silt Loam	S52076
570	22	32	46	Loam	S52077
571	22	70	8	Silt Loam	S52078
572	44	44	12	Silty Clay	S52079
573	22	26	52	Sandy Clay Loam	S52080
574	22	70	8	Silt Loam	S52081
575	22	76	2	Silt Loam	S52082
576	26	54	20	Silt Loam	S52083
577	46	30	24	Clay	S52084
578	44	34	22	Clay	S52085
579	44	34	22	Clay	S52086
580	46	34	20	Clay	S52087
581	48	32	20	Clay	S52088
582	48	24	28	Clay	S52089
583	42	34	24	Clay	S52090
584	46	28	26	Clay	S52091
585	42	34	24	Clay	S52092
586	44	30	26	Clay	S52093
587	42	30	28	Clay	S52094
588	46	28	26	Clay	S52095
589	44	28	28	Clay	S52096
590	44	28	28	Clay	S52097
591	46	26	28	Clay	S52098
592	42	30	28	Clay	S52099
593	44	30	26	Clay	S52100
594	24	38	38	Loam	S53805
595	40	30	30	Clay Loam	S53806
596	30	34	36	Clay Loam	S53807
597	36	26	38	Clay Loam	S53808
598	30	30	40	Clay Loam	S53809
599	32	30	38	Clay Loam	S53810
600	22	44	34	Loam	S53811
601	30	42	28	Clay Loam	S53812
602	20	34	46	Loam	S53813
603	18	32	50	Loam	S53814
604	30	40	30	Clay Loam	S53815
605	36	36	28	Clay Loam	S53816
606	20	32	48	Loam	S53817
607	18	32	50	Loam	S53818
608	20	30	50	Loam	S54264
609	22	34	44	Loam	S54265
610	20	28	52	Loam	S54266
611	14	14	72	Sandy Loam	S54267
612	20	20	60	Sandy Loam	S54268
613	20	22	58	Sandy Loam	S54269
614	22	22	56	Sandy Clay Loam	S54270
615	12	56	32	Silt Loam	S54271
616	24	40	36	Loam	S54272
617	16	20	64	Sandy Loam	S54273
618	20	20	60	Sandy Loam	S54274
619	14	28	58	Sandy Loam	S54275
620	30	28	42	Clay Loam	S54276
621	28	28	44	Clay Loam	S55239
622	34	26	40	Clay Loam	S55240
623	42	24	34	Clay	S55241
624	40	22	38	Clay Loam	S55242
625	26	32	42	Loam	S55243
626	26	34	40	Loam	S55244
627	26	24	50	Sandy Clay Loam	S55245
628	16	40	44	Loam	S55246
629	22	24	54	Sandy Clay Loam	S55247
630	24	16	60	Sandy Clay Loam	S55248
631	30	26	44	Clay Loam	S55249
632	32	24	44	Clay Loam	S55250
528	12	18	70	Sandy Loam	S52016
529	14	16	70	Sandy Loam	S52017
633	32	40	28	Clay Loam	S55251
634	50	32	18	Clay	S55252
635	42	38	20	Clay	S55253
636	50	30	20	Clay	S55254
637	10	50	40	Loam	S55255
638	10	52	38	Silt Loam	S55256
639	26	64	10	Silt Loam	S55257
640	46	34	20	Clay	S55258
641	50	30	20	Clay	S55259
642	60	20	20	Clay	S55260
643	20	16	64	Sandy Loam	S55261
644	16	40	44	Loam	S55262
645	16	40	44	Loam	S55263
646	26	24	50	Sandy Clay Loam	S56859
647	30	26	44	Clay Loam	S56860
481	36	34	30	Clay Loam	S51495
482	40	34	26	Clay Loam	S51496
483	34	36	30	Clay Loam	S51497
484	28	44	28	Clay Loam	S51498
485	38	38	24	Clay Loam	S51499
486	10	50	40	Loam	S51500
487	36	42	22	Clay Loam	S51501
488	46	28	26	Clay	S51502
489	12	80	8	Silt Loam	S51503
490	64	24	12	Clay	S51504
491	32	34	34	Clay Loam	S51505
492	26	28	46	Loam	S52007
493	22	22	56	Sandy Clay Loam	S52008
494	22	26	52	Sandy Clay Loam	S52009
495	16	18	66	Sandy Loam	S52010
496	28	50	22	Clay Loam	S52066
497	22	62	16	Silt Loam	S52067
498	28	18	54	Sandy Clay Loam	S52019
499	30	18	52	Sandy Clay Loam	S52020
500	20	12	68	Sandy Loam	S52021
501	22	18	60	Sandy Clay Loam	S52022
502	28	16	56	Sandy Clay Loam	S52043
503	28	14	58	Sandy Clay Loam	S52044
504	26	12	62	Sandy Clay Loam	S52045
505	24	22	54	Sandy Clay Loam	S52046
506	28	12	60	Sandy Clay Loam	S52047
507	28	18	54	Sandy Clay Loam	S52048
508	20	16	64	Sandy Loam	S52049
509	24	14	62	Sandy Clay Loam	S52050
510	26	22	52	Sandy Clay Loam	S52039
511	26	12	62	Sandy Clay Loam	S52040
512	24	14	62	Sandy Clay Loam	S52041
513	26	16	58	Sandy Clay Loam	S52042
514	20	20	60	Sandy Loam	S52056
515	26	22	52	Sandy Clay Loam	S52057
516	22	22	56	Sandy Clay Loam	S52058
517	22	18	60	Sandy Clay Loam	S52059
518	20	28	52	Loam	S52060
519	28	20	52	Sandy Clay Loam	S52035
520	26	20	54	Sandy Clay Loam	S52036
521	34	28	38	Clay Loam	S52037
522	40	26	34	Clay Loam	S52038
523	20	28	52	Loam	S52031
524	20	26	54	Sandy Loam	S52032
525	22	26	52	Sandy Clay Loam	S52033
526	28	20	52	Sandy Clay Loam	S52034
527	20	18	62	Sandy Loam	S52015
648	16	42	42	Loam	S56861
649	18	34	48	Loam	S56862
650	36	28	36	Clay Loam	S56863
651	36	26	38	Clay Loam	S56864
652	52	30	18	Clay	S56865
653	56	30	14	Clay	S56866
654	60	28	12	Clay	S56867
655	58	24	18	Clay	S56868
656	64	22	14	Clay	S56869
657	64	20	16	Clay	S56870
658	64	28	8	Clay	S56871
659	62	22	16	Clay	S56872
660	60	26	14	Clay	S56873
661	64	22	14	Clay	S56874
662	72	14	14	Clay	S56875
663	68	24	8	Clay	S56876
664	64	28	8	Clay	S56877
665	60	30	10	Clay	S56878
666	66	24	10	Clay	S56879
667	60	26	14	Clay	S56880
668	66	28	6	Clay	S56881
669	68	24	8	Clay	S56882
670	66	30	4	Clay	S56883
671	60	28	12	Clay	S56884
672	56	34	10	Clay	S56885
673	36	38	26	Clay Loam	S56886
674	20	74	6	Silt Loam	S56887
675	62	30	8	Clay	S56888
676	68	26	6	Clay	S56889
677	56	36	8	Clay	S56890
678	62	30	8	Clay	S56891
679	48	30	22	Clay	S56892
680	10	62	28	Silt Loam	S56893
681	12	62	26	Silt Loam	S56894
682	10	58	32	Silt Loam	S56895
683	12	42	46	Loam	S56896
684	10	62	28	Silt Loam	S56897
783	40	40	20	Clay Loam	S73893
784	20	50	30	Loam	S73894
785	30	42	28	Clay Loam	S73895
786	20	76	4	Silt Loam	S73896
787	64	32	4	Clay	S73897
788	52	44	4	Silty Clay	S73898
789	62	32	6	Clay	S73899
790	30	68	2	Silty Clay Loam	S73900
791	64	28	8	Clay	S73901
792	58	36	6	Clay	S73902
793	60	34	6	Clay	S73903
794	22	72	6	Silt Loam	S73904
795	60	34	6	Clay	S73905
796	24	68	8	Silt Loam	S73906
797	60	34	6	Clay	S73907
798	32	58	10	Silty Clay Loam	S73908
799	64	30	6	Clay	S73909
800	22	74	4	Silt Loam	S73910
801	64	32	4	Clay	S73911
802	26	70	4	Silt Loam	S73912
803	66	30	4	Clay	S73913
804	22	72	6	Silt Loam	S73914
805	64	28	8	Clay	S73915
806	20	74	6	Silt Loam	S73916
807	66	28	6	Clay	S73917
808	40	56	4	Silty Clay Loam	S73918
809	60	34	6	Clay	S73919
810	60	36	4	Clay	S73920
811	62	32	6	Clay	S73921
812	62	34	4	Clay	S73922
813	64	30	6	Clay	S73923
814	32	62	6	Silty Clay Loam	S73924
815	62	34	4	Clay	S73925
816	60	36	4	Clay	S73926
817	62	34	4	Clay	S73927
\.


--
-- TOC entry 4386 (class 0 OID 83357)
-- Dependencies: 243
-- Data for Name: visualisation_well; Type: TABLE DATA; Schema: public; Owner: postgres
--

COPY public.visualisation_well ("Id_well", "Date", localisation, "Depth", "Water_depth", "Pump_cal", "Temperature", "Ph", "Ec", "Tds_ppm", "Salinity", "Resistivity") FROM stdin;
S101	2022-11-28	0101000020E6100000711B0DE02DD01EC0BADA8AFD65174040	160	70	100	25	7.2	1823	893.5	0.954	548.7
\.


--
-- TOC entry 4393 (class 0 OID 0)
-- Dependencies: 221
-- Name: auth_group_id_seq; Type: SEQUENCE SET; Schema: public; Owner: postgres
--

SELECT pg_catalog.setval('public.auth_group_id_seq', 1, false);


--
-- TOC entry 4394 (class 0 OID 0)
-- Dependencies: 223
-- Name: auth_group_permissions_id_seq; Type: SEQUENCE SET; Schema: public; Owner: postgres
--

SELECT pg_catalog.setval('public.auth_group_permissions_id_seq', 1, false);


--
-- TOC entry 4395 (class 0 OID 0)
-- Dependencies: 219
-- Name: auth_permission_id_seq; Type: SEQUENCE SET; Schema: public; Owner: postgres
--

SELECT pg_catalog.setval('public.auth_permission_id_seq', 48, true);


--
-- TOC entry 4396 (class 0 OID 0)
-- Dependencies: 227
-- Name: auth_user_groups_id_seq; Type: SEQUENCE SET; Schema: public; Owner: postgres
--

SELECT pg_catalog.setval('public.auth_user_groups_id_seq', 1, false);


--
-- TOC entry 4397 (class 0 OID 0)
-- Dependencies: 225
-- Name: auth_user_id_seq; Type: SEQUENCE SET; Schema: public; Owner: postgres
--

SELECT pg_catalog.setval('public.auth_user_id_seq', 1, false);


--
-- TOC entry 4398 (class 0 OID 0)
-- Dependencies: 229
-- Name: auth_user_user_permissions_id_seq; Type: SEQUENCE SET; Schema: public; Owner: postgres
--

SELECT pg_catalog.setval('public.auth_user_user_permissions_id_seq', 1, false);


--
-- TOC entry 4399 (class 0 OID 0)
-- Dependencies: 231
-- Name: django_admin_log_id_seq; Type: SEQUENCE SET; Schema: public; Owner: postgres
--

SELECT pg_catalog.setval('public.django_admin_log_id_seq', 1, false);


--
-- TOC entry 4400 (class 0 OID 0)
-- Dependencies: 217
-- Name: django_content_type_id_seq; Type: SEQUENCE SET; Schema: public; Owner: postgres
--

SELECT pg_catalog.setval('public.django_content_type_id_seq', 12, true);


--
-- TOC entry 4401 (class 0 OID 0)
-- Dependencies: 215
-- Name: django_migrations_id_seq; Type: SEQUENCE SET; Schema: public; Owner: postgres
--

SELECT pg_catalog.setval('public.django_migrations_id_seq', 20, true);


--
-- TOC entry 4402 (class 0 OID 0)
-- Dependencies: 234
-- Name: visualisation_amendment_Id_amendment_seq; Type: SEQUENCE SET; Schema: public; Owner: postgres
--

SELECT pg_catalog.setval('public."visualisation_amendment_Id_amendment_seq"', 1, false);


--
-- TOC entry 4403 (class 0 OID 0)
-- Dependencies: 236
-- Name: visualisation_salinityandsodicitygroup_id_seq; Type: SEQUENCE SET; Schema: public; Owner: postgres
--

SELECT pg_catalog.setval('public.visualisation_salinityandsodicitygroup_id_seq', 804, true);


--
-- TOC entry 4404 (class 0 OID 0)
-- Dependencies: 238
-- Name: visualisation_soilquality_id_seq; Type: SEQUENCE SET; Schema: public; Owner: postgres
--

SELECT pg_catalog.setval('public.visualisation_soilquality_id_seq', 620, true);


--
-- TOC entry 4405 (class 0 OID 0)
-- Dependencies: 241
-- Name: visualisation_soiltexture_id_seq; Type: SEQUENCE SET; Schema: public; Owner: postgres
--

SELECT pg_catalog.setval('public.visualisation_soiltexture_id_seq', 817, true);


--
-- TOC entry 4145 (class 2606 OID 83262)
-- Name: auth_group auth_group_name_key; Type: CONSTRAINT; Schema: public; Owner: postgres
--

ALTER TABLE ONLY public.auth_group
    ADD CONSTRAINT auth_group_name_key UNIQUE (name);


--
-- TOC entry 4150 (class 2606 OID 83193)
-- Name: auth_group_permissions auth_group_permissions_group_id_permission_id_0cd325b0_uniq; Type: CONSTRAINT; Schema: public; Owner: postgres
--

ALTER TABLE ONLY public.auth_group_permissions
    ADD CONSTRAINT auth_group_permissions_group_id_permission_id_0cd325b0_uniq UNIQUE (group_id, permission_id);


--
-- TOC entry 4153 (class 2606 OID 83162)
-- Name: auth_group_permissions auth_group_permissions_pkey; Type: CONSTRAINT; Schema: public; Owner: postgres
--

ALTER TABLE ONLY public.auth_group_permissions
    ADD CONSTRAINT auth_group_permissions_pkey PRIMARY KEY (id);


--
-- TOC entry 4147 (class 2606 OID 83154)
-- Name: auth_group auth_group_pkey; Type: CONSTRAINT; Schema: public; Owner: postgres
--

ALTER TABLE ONLY public.auth_group
    ADD CONSTRAINT auth_group_pkey PRIMARY KEY (id);


--
-- TOC entry 4140 (class 2606 OID 83184)
-- Name: auth_permission auth_permission_content_type_id_codename_01ab375a_uniq; Type: CONSTRAINT; Schema: public; Owner: postgres
--

ALTER TABLE ONLY public.auth_permission
    ADD CONSTRAINT auth_permission_content_type_id_codename_01ab375a_uniq UNIQUE (content_type_id, codename);


--
-- TOC entry 4142 (class 2606 OID 83148)
-- Name: auth_permission auth_permission_pkey; Type: CONSTRAINT; Schema: public; Owner: postgres
--

ALTER TABLE ONLY public.auth_permission
    ADD CONSTRAINT auth_permission_pkey PRIMARY KEY (id);


--
-- TOC entry 4161 (class 2606 OID 83176)
-- Name: auth_user_groups auth_user_groups_pkey; Type: CONSTRAINT; Schema: public; Owner: postgres
--

ALTER TABLE ONLY public.auth_user_groups
    ADD CONSTRAINT auth_user_groups_pkey PRIMARY KEY (id);


--
-- TOC entry 4164 (class 2606 OID 83208)
-- Name: auth_user_groups auth_user_groups_user_id_group_id_94350c0c_uniq; Type: CONSTRAINT; Schema: public; Owner: postgres
--

ALTER TABLE ONLY public.auth_user_groups
    ADD CONSTRAINT auth_user_groups_user_id_group_id_94350c0c_uniq UNIQUE (user_id, group_id);


--
-- TOC entry 4155 (class 2606 OID 83168)
-- Name: auth_user auth_user_pkey; Type: CONSTRAINT; Schema: public; Owner: postgres
--

ALTER TABLE ONLY public.auth_user
    ADD CONSTRAINT auth_user_pkey PRIMARY KEY (id);


--
-- TOC entry 4167 (class 2606 OID 83182)
-- Name: auth_user_user_permissions auth_user_user_permissions_pkey; Type: CONSTRAINT; Schema: public; Owner: postgres
--

ALTER TABLE ONLY public.auth_user_user_permissions
    ADD CONSTRAINT auth_user_user_permissions_pkey PRIMARY KEY (id);


--
-- TOC entry 4170 (class 2606 OID 83222)
-- Name: auth_user_user_permissions auth_user_user_permissions_user_id_permission_id_14a6b632_uniq; Type: CONSTRAINT; Schema: public; Owner: postgres
--

ALTER TABLE ONLY public.auth_user_user_permissions
    ADD CONSTRAINT auth_user_user_permissions_user_id_permission_id_14a6b632_uniq UNIQUE (user_id, permission_id);


--
-- TOC entry 4158 (class 2606 OID 83257)
-- Name: auth_user auth_user_username_key; Type: CONSTRAINT; Schema: public; Owner: postgres
--

ALTER TABLE ONLY public.auth_user
    ADD CONSTRAINT auth_user_username_key UNIQUE (username);


--
-- TOC entry 4173 (class 2606 OID 83243)
-- Name: django_admin_log django_admin_log_pkey; Type: CONSTRAINT; Schema: public; Owner: postgres
--

ALTER TABLE ONLY public.django_admin_log
    ADD CONSTRAINT django_admin_log_pkey PRIMARY KEY (id);


--
-- TOC entry 4135 (class 2606 OID 83142)
-- Name: django_content_type django_content_type_app_label_model_76bd3d3b_uniq; Type: CONSTRAINT; Schema: public; Owner: postgres
--

ALTER TABLE ONLY public.django_content_type
    ADD CONSTRAINT django_content_type_app_label_model_76bd3d3b_uniq UNIQUE (app_label, model);


--
-- TOC entry 4137 (class 2606 OID 83140)
-- Name: django_content_type django_content_type_pkey; Type: CONSTRAINT; Schema: public; Owner: postgres
--

ALTER TABLE ONLY public.django_content_type
    ADD CONSTRAINT django_content_type_pkey PRIMARY KEY (id);


--
-- TOC entry 4133 (class 2606 OID 83134)
-- Name: django_migrations django_migrations_pkey; Type: CONSTRAINT; Schema: public; Owner: postgres
--

ALTER TABLE ONLY public.django_migrations
    ADD CONSTRAINT django_migrations_pkey PRIMARY KEY (id);


--
-- TOC entry 4177 (class 2606 OID 83270)
-- Name: django_session django_session_pkey; Type: CONSTRAINT; Schema: public; Owner: postgres
--

ALTER TABLE ONLY public.django_session
    ADD CONSTRAINT django_session_pkey PRIMARY KEY (session_key);


--
-- TOC entry 4181 (class 2606 OID 83329)
-- Name: visualisation_amendment visualisation_amendment_pkey; Type: CONSTRAINT; Schema: public; Owner: postgres
--

ALTER TABLE ONLY public.visualisation_amendment
    ADD CONSTRAINT visualisation_amendment_pkey PRIMARY KEY ("Id_amendment");


--
-- TOC entry 4185 (class 2606 OID 83337)
-- Name: visualisation_salinityandsodicitygroup visualisation_salinityandsodicitygroup_pkey; Type: CONSTRAINT; Schema: public; Owner: postgres
--

ALTER TABLE ONLY public.visualisation_salinityandsodicitygroup
    ADD CONSTRAINT visualisation_salinityandsodicitygroup_pkey PRIMARY KEY (id);


--
-- TOC entry 4189 (class 2606 OID 83343)
-- Name: visualisation_soilquality visualisation_soilquality_pkey; Type: CONSTRAINT; Schema: public; Owner: postgres
--

ALTER TABLE ONLY public.visualisation_soilquality
    ADD CONSTRAINT visualisation_soilquality_pkey PRIMARY KEY (id);


--
-- TOC entry 4193 (class 2606 OID 83350)
-- Name: visualisation_soilsample visualisation_soilsample_pkey; Type: CONSTRAINT; Schema: public; Owner: postgres
--

ALTER TABLE ONLY public.visualisation_soilsample
    ADD CONSTRAINT visualisation_soilsample_pkey PRIMARY KEY ("Code_labo");


--
-- TOC entry 4197 (class 2606 OID 83356)
-- Name: visualisation_soiltexture visualisation_soiltexture_pkey; Type: CONSTRAINT; Schema: public; Owner: postgres
--

ALTER TABLE ONLY public.visualisation_soiltexture
    ADD CONSTRAINT visualisation_soiltexture_pkey PRIMARY KEY (id);


--
-- TOC entry 4201 (class 2606 OID 83363)
-- Name: visualisation_well visualisation_well_pkey; Type: CONSTRAINT; Schema: public; Owner: postgres
--

ALTER TABLE ONLY public.visualisation_well
    ADD CONSTRAINT visualisation_well_pkey PRIMARY KEY ("Id_well");


--
-- TOC entry 4143 (class 1259 OID 83263)
-- Name: auth_group_name_a6ea08ec_like; Type: INDEX; Schema: public; Owner: postgres
--

CREATE INDEX auth_group_name_a6ea08ec_like ON public.auth_group USING btree (name varchar_pattern_ops);


--
-- TOC entry 4148 (class 1259 OID 83204)
-- Name: auth_group_permissions_group_id_b120cbf9; Type: INDEX; Schema: public; Owner: postgres
--

CREATE INDEX auth_group_permissions_group_id_b120cbf9 ON public.auth_group_permissions USING btree (group_id);


--
-- TOC entry 4151 (class 1259 OID 83205)
-- Name: auth_group_permissions_permission_id_84c5c92e; Type: INDEX; Schema: public; Owner: postgres
--

CREATE INDEX auth_group_permissions_permission_id_84c5c92e ON public.auth_group_permissions USING btree (permission_id);


--
-- TOC entry 4138 (class 1259 OID 83190)
-- Name: auth_permission_content_type_id_2f476e4b; Type: INDEX; Schema: public; Owner: postgres
--

CREATE INDEX auth_permission_content_type_id_2f476e4b ON public.auth_permission USING btree (content_type_id);


--
-- TOC entry 4159 (class 1259 OID 83220)
-- Name: auth_user_groups_group_id_97559544; Type: INDEX; Schema: public; Owner: postgres
--

CREATE INDEX auth_user_groups_group_id_97559544 ON public.auth_user_groups USING btree (group_id);


--
-- TOC entry 4162 (class 1259 OID 83219)
-- Name: auth_user_groups_user_id_6a12ed8b; Type: INDEX; Schema: public; Owner: postgres
--

CREATE INDEX auth_user_groups_user_id_6a12ed8b ON public.auth_user_groups USING btree (user_id);


--
-- TOC entry 4165 (class 1259 OID 83234)
-- Name: auth_user_user_permissions_permission_id_1fbb5f2c; Type: INDEX; Schema: public; Owner: postgres
--

CREATE INDEX auth_user_user_permissions_permission_id_1fbb5f2c ON public.auth_user_user_permissions USING btree (permission_id);


--
-- TOC entry 4168 (class 1259 OID 83233)
-- Name: auth_user_user_permissions_user_id_a95ead1b; Type: INDEX; Schema: public; Owner: postgres
--

CREATE INDEX auth_user_user_permissions_user_id_a95ead1b ON public.auth_user_user_permissions USING btree (user_id);


--
-- TOC entry 4156 (class 1259 OID 83258)
-- Name: auth_user_username_6821ab7c_like; Type: INDEX; Schema: public; Owner: postgres
--

CREATE INDEX auth_user_username_6821ab7c_like ON public.auth_user USING btree (username varchar_pattern_ops);


--
-- TOC entry 4171 (class 1259 OID 83254)
-- Name: django_admin_log_content_type_id_c4bce8eb; Type: INDEX; Schema: public; Owner: postgres
--

CREATE INDEX django_admin_log_content_type_id_c4bce8eb ON public.django_admin_log USING btree (content_type_id);


--
-- TOC entry 4174 (class 1259 OID 83255)
-- Name: django_admin_log_user_id_c564eba6; Type: INDEX; Schema: public; Owner: postgres
--

CREATE INDEX django_admin_log_user_id_c564eba6 ON public.django_admin_log USING btree (user_id);


--
-- TOC entry 4175 (class 1259 OID 83272)
-- Name: django_session_expire_date_a5c62663; Type: INDEX; Schema: public; Owner: postgres
--

CREATE INDEX django_session_expire_date_a5c62663 ON public.django_session USING btree (expire_date);


--
-- TOC entry 4178 (class 1259 OID 83271)
-- Name: django_session_session_key_c0390e0f_like; Type: INDEX; Schema: public; Owner: postgres
--

CREATE INDEX django_session_session_key_c0390e0f_like ON public.django_session USING btree (session_key varchar_pattern_ops);


--
-- TOC entry 4179 (class 1259 OID 83374)
-- Name: visualisation_amendment_localisation_9d92d753_id; Type: INDEX; Schema: public; Owner: postgres
--

CREATE INDEX visualisation_amendment_localisation_9d92d753_id ON public.visualisation_amendment USING gist (localisation);


--
-- TOC entry 4182 (class 1259 OID 83389)
-- Name: visualisation_salinityan_Code_labo_id_28095a8d_like; Type: INDEX; Schema: public; Owner: postgres
--

CREATE INDEX "visualisation_salinityan_Code_labo_id_28095a8d_like" ON public.visualisation_salinityandsodicitygroup USING btree ("Code_labo_id" varchar_pattern_ops);


--
-- TOC entry 4183 (class 1259 OID 83388)
-- Name: visualisation_salinityandsodicitygroup_Code_labo_id_28095a8d; Type: INDEX; Schema: public; Owner: postgres
--

CREATE INDEX "visualisation_salinityandsodicitygroup_Code_labo_id_28095a8d" ON public.visualisation_salinityandsodicitygroup USING btree ("Code_labo_id");


--
-- TOC entry 4186 (class 1259 OID 83386)
-- Name: visualisation_soilquality_Code_labo_id_33de2e11; Type: INDEX; Schema: public; Owner: postgres
--

CREATE INDEX "visualisation_soilquality_Code_labo_id_33de2e11" ON public.visualisation_soilquality USING btree ("Code_labo_id");


--
-- TOC entry 4187 (class 1259 OID 83387)
-- Name: visualisation_soilquality_Code_labo_id_33de2e11_like; Type: INDEX; Schema: public; Owner: postgres
--

CREATE INDEX "visualisation_soilquality_Code_labo_id_33de2e11_like" ON public.visualisation_soilquality USING btree ("Code_labo_id" varchar_pattern_ops);


--
-- TOC entry 4190 (class 1259 OID 83375)
-- Name: visualisation_soilsample_Code_labo_5cf0aa46_like; Type: INDEX; Schema: public; Owner: postgres
--

CREATE INDEX "visualisation_soilsample_Code_labo_5cf0aa46_like" ON public.visualisation_soilsample USING btree ("Code_labo" varchar_pattern_ops);


--
-- TOC entry 4191 (class 1259 OID 83376)
-- Name: visualisation_soilsample_localisation_1767fa7d_id; Type: INDEX; Schema: public; Owner: postgres
--

CREATE INDEX visualisation_soilsample_localisation_1767fa7d_id ON public.visualisation_soilsample USING gist (localisation);


--
-- TOC entry 4194 (class 1259 OID 83382)
-- Name: visualisation_soiltexture_Code_labo_id_cfe9e96a; Type: INDEX; Schema: public; Owner: postgres
--

CREATE INDEX "visualisation_soiltexture_Code_labo_id_cfe9e96a" ON public.visualisation_soiltexture USING btree ("Code_labo_id");


--
-- TOC entry 4195 (class 1259 OID 83383)
-- Name: visualisation_soiltexture_Code_labo_id_cfe9e96a_like; Type: INDEX; Schema: public; Owner: postgres
--

CREATE INDEX "visualisation_soiltexture_Code_labo_id_cfe9e96a_like" ON public.visualisation_soiltexture USING btree ("Code_labo_id" varchar_pattern_ops);


--
-- TOC entry 4198 (class 1259 OID 83384)
-- Name: visualisation_well_Id_well_c337fbb8_like; Type: INDEX; Schema: public; Owner: postgres
--

CREATE INDEX "visualisation_well_Id_well_c337fbb8_like" ON public.visualisation_well USING btree ("Id_well" varchar_pattern_ops);


--
-- TOC entry 4199 (class 1259 OID 83385)
-- Name: visualisation_well_localisation_2cda295d_id; Type: INDEX; Schema: public; Owner: postgres
--

CREATE INDEX visualisation_well_localisation_2cda295d_id ON public.visualisation_well USING gist (localisation);


--
-- TOC entry 4204 (class 2606 OID 83199)
-- Name: auth_group_permissions auth_group_permissio_permission_id_84c5c92e_fk_auth_perm; Type: FK CONSTRAINT; Schema: public; Owner: postgres
--

ALTER TABLE ONLY public.auth_group_permissions
    ADD CONSTRAINT auth_group_permissio_permission_id_84c5c92e_fk_auth_perm FOREIGN KEY (permission_id) REFERENCES public.auth_permission(id) DEFERRABLE INITIALLY DEFERRED;


--
-- TOC entry 4203 (class 2606 OID 83194)
-- Name: auth_group_permissions auth_group_permissions_group_id_b120cbf9_fk_auth_group_id; Type: FK CONSTRAINT; Schema: public; Owner: postgres
--

ALTER TABLE ONLY public.auth_group_permissions
    ADD CONSTRAINT auth_group_permissions_group_id_b120cbf9_fk_auth_group_id FOREIGN KEY (group_id) REFERENCES public.auth_group(id) DEFERRABLE INITIALLY DEFERRED;


--
-- TOC entry 4202 (class 2606 OID 83185)
-- Name: auth_permission auth_permission_content_type_id_2f476e4b_fk_django_co; Type: FK CONSTRAINT; Schema: public; Owner: postgres
--

ALTER TABLE ONLY public.auth_permission
    ADD CONSTRAINT auth_permission_content_type_id_2f476e4b_fk_django_co FOREIGN KEY (content_type_id) REFERENCES public.django_content_type(id) DEFERRABLE INITIALLY DEFERRED;


--
-- TOC entry 4206 (class 2606 OID 83214)
-- Name: auth_user_groups auth_user_groups_group_id_97559544_fk_auth_group_id; Type: FK CONSTRAINT; Schema: public; Owner: postgres
--

ALTER TABLE ONLY public.auth_user_groups
    ADD CONSTRAINT auth_user_groups_group_id_97559544_fk_auth_group_id FOREIGN KEY (group_id) REFERENCES public.auth_group(id) DEFERRABLE INITIALLY DEFERRED;


--
-- TOC entry 4205 (class 2606 OID 83209)
-- Name: auth_user_groups auth_user_groups_user_id_6a12ed8b_fk_auth_user_id; Type: FK CONSTRAINT; Schema: public; Owner: postgres
--

ALTER TABLE ONLY public.auth_user_groups
    ADD CONSTRAINT auth_user_groups_user_id_6a12ed8b_fk_auth_user_id FOREIGN KEY (user_id) REFERENCES public.auth_user(id) DEFERRABLE INITIALLY DEFERRED;


--
-- TOC entry 4208 (class 2606 OID 83228)
-- Name: auth_user_user_permissions auth_user_user_permi_permission_id_1fbb5f2c_fk_auth_perm; Type: FK CONSTRAINT; Schema: public; Owner: postgres
--

ALTER TABLE ONLY public.auth_user_user_permissions
    ADD CONSTRAINT auth_user_user_permi_permission_id_1fbb5f2c_fk_auth_perm FOREIGN KEY (permission_id) REFERENCES public.auth_permission(id) DEFERRABLE INITIALLY DEFERRED;


--
-- TOC entry 4207 (class 2606 OID 83223)
-- Name: auth_user_user_permissions auth_user_user_permissions_user_id_a95ead1b_fk_auth_user_id; Type: FK CONSTRAINT; Schema: public; Owner: postgres
--

ALTER TABLE ONLY public.auth_user_user_permissions
    ADD CONSTRAINT auth_user_user_permissions_user_id_a95ead1b_fk_auth_user_id FOREIGN KEY (user_id) REFERENCES public.auth_user(id) DEFERRABLE INITIALLY DEFERRED;


--
-- TOC entry 4209 (class 2606 OID 83244)
-- Name: django_admin_log django_admin_log_content_type_id_c4bce8eb_fk_django_co; Type: FK CONSTRAINT; Schema: public; Owner: postgres
--

ALTER TABLE ONLY public.django_admin_log
    ADD CONSTRAINT django_admin_log_content_type_id_c4bce8eb_fk_django_co FOREIGN KEY (content_type_id) REFERENCES public.django_content_type(id) DEFERRABLE INITIALLY DEFERRED;


--
-- TOC entry 4210 (class 2606 OID 83249)
-- Name: django_admin_log django_admin_log_user_id_c564eba6_fk_auth_user_id; Type: FK CONSTRAINT; Schema: public; Owner: postgres
--

ALTER TABLE ONLY public.django_admin_log
    ADD CONSTRAINT django_admin_log_user_id_c564eba6_fk_auth_user_id FOREIGN KEY (user_id) REFERENCES public.auth_user(id) DEFERRABLE INITIALLY DEFERRED;


--
-- TOC entry 4211 (class 2606 OID 83369)
-- Name: visualisation_salinityandsodicitygroup visualisation_salini_Code_labo_id_28095a8d_fk_visualisa; Type: FK CONSTRAINT; Schema: public; Owner: postgres
--

ALTER TABLE ONLY public.visualisation_salinityandsodicitygroup
    ADD CONSTRAINT "visualisation_salini_Code_labo_id_28095a8d_fk_visualisa" FOREIGN KEY ("Code_labo_id") REFERENCES public.visualisation_soilsample("Code_labo") DEFERRABLE INITIALLY DEFERRED;


--
-- TOC entry 4212 (class 2606 OID 83364)
-- Name: visualisation_soilquality visualisation_soilqu_Code_labo_id_33de2e11_fk_visualisa; Type: FK CONSTRAINT; Schema: public; Owner: postgres
--

ALTER TABLE ONLY public.visualisation_soilquality
    ADD CONSTRAINT "visualisation_soilqu_Code_labo_id_33de2e11_fk_visualisa" FOREIGN KEY ("Code_labo_id") REFERENCES public.visualisation_soilsample("Code_labo") DEFERRABLE INITIALLY DEFERRED;


--
-- TOC entry 4213 (class 2606 OID 83377)
-- Name: visualisation_soiltexture visualisation_soilte_Code_labo_id_cfe9e96a_fk_visualisa; Type: FK CONSTRAINT; Schema: public; Owner: postgres
--

ALTER TABLE ONLY public.visualisation_soiltexture
    ADD CONSTRAINT "visualisation_soilte_Code_labo_id_cfe9e96a_fk_visualisa" FOREIGN KEY ("Code_labo_id") REFERENCES public.visualisation_soilsample("Code_labo") DEFERRABLE INITIALLY DEFERRED;


-- Completed on 2025-06-19 18:10:49

--
-- PostgreSQL database dump complete
--

